hsa-let-7a-1,UGGGAUGAGGUAGUAGGUUGUAUAGUUUUAGGGUCACACCCACCACUGGGAGAUAACUAUACAAUCUACUGUCUUUCCUA
hsa-let-7a-2,AGGUUGAGGUAGUAGGUUGUAUAGUUUAGAAUUACAUCAAGGGAGAUAACUGUACAGCCUCCUAGCUUUCCU
hsa-let-7a-3,GGGUGAGGUAGUAGGUUGUAUAGUUUGGGGCUCUGCCCUGCUAUGGGAUAACUAUACAAUCUACUGUCUUUCCU
hsa-let-7b,CGGGGUGAGGUAGUAGGUUGUGUGGUUUCAGGGCAGUGAUGUUGCCCCUCGGAAGAUAACUAUACAACCUACUGCCUUCCCUG
hsa-let-7c,GCAUCCGGGUUGAGGUAGUAGGUUGUAUGGUUUAGAGUUACACCCUGGGAGUUAACUGUACAACCUUCUAGCUUUCCUUGGAGC
hsa-let-7d,CCUAGGAAGAGGUAGUAGGUUGCAUAGUUUUAGGGCAGGGAUUUUGCCCACAAGGAGGUAACUAUACGACCUGCUGCCUUUCUUAGG
hsa-let-7e,CCCGGGCUGAGGUAGGAGGUUGUAUAGUUGAGGAGGACACCCAAGGAGAUCACUAUACGGCCUCCUAGCUUUCCCCAGG
hsa-let-7f-1,UCAGAGUGAGGUAGUAGAUUGUAUAGUUGUGGGGUAGUGAUUUUACCCUGUUCAGGAGAUAACUAUACAAUCUAUUGCCUUCCCUGA
hsa-let-7g,AGGCUGAGGUAGUAGUUUGUACAGUUUGAGGGUCUAUGAUACCACCCGGUACAGGAGAUAACUGUACAGGCCACUGCCUUGCCA
hsa-let-7i,CUGGCUGAGGUAGUAGUUUGUGCUGUUGGUCGGGUUGUGACAUUGCCCGCUGUGGAGAUAACUGCGCAAGCUACUGCCUUGCUA
hsa-mir-1-1,UGGGAAACAUACUUCUUUAUAUGCCCAUAUGGACCUGCUAAGCUAUGGAAUGUAAAGAAGUAUGUAUCUCA
hsa-mir-1-2,ACCUACUCAGAGUACAUACUUCUUUAUGUACCCAUAUGAACAUACAAUGCUAUGGAAUGUAAAGAAGUAUGUAUUUUUGGUAGGC
hsa-mir-100,CCUGUUGCCACAAACCCGUAGAUCCGAACUUGUGGUAUUAGUCCGCACAAGCUUGUAUCUAUAGGUAUGUGUCUGUUAGG
hsa-mir-101-1,UGCCCUGGCUCAGUUAUCACAGUGCUGAUGCUGUCUAUUCUAAAGGUACAGUACUGUGAUAACUGAAGGAUGGCA
hsa-mir-101-2,ACUGUCCUUUUUCGGUUAUCAUGGUACCGAUGCUGUAUAUCUGAAAGGUACAGUACUGUGAUAACUGAAGAAUGGUGGU
hsa-mir-103a-1,UACUGCCCUCGGCUUCUUUACAGUGCUGCCUUGUUGCAUAUGGAUCAAGCAGCAUUGUACAGGGCUAUGAAGGCAUUG
hsa-mir-103a-2,UUGUGCUUUCAGCUUCUUUACAGUGCUGCCUUGUAGCAUUCAGGUCAAGCAGCAUUGUACAGGGCUAUGAAAGAACCA
hsa-mir-106a,CCUUGGCCAUGUAAAAGUGCUUACAGUGCAGGUAGCUUUUUGAGAUCUACUGCAAUGUAAGCACUUCUUACAUUACCAUGG
hsa-mir-106b,CCUGCCGGGGCUAAAGUGCUGACAGUGCAGAUAGUGGUCCUCUCCGUGCUACCGCACUGUGGGUACUUGCUGCUCCAGCAGG
hsa-mir-107,CUCUCUGCUUUCAGCUUCUUUACAGUGUUGCCUUGUGGCAUGGAGUUCAAGCAGCAUUGUACAGGGCUAUCAAAGCACAGA
hsa-mir-10a,GAUCUGUCUGUCUUCUGUAUAUACCCUGUAGAUCCGAAUUUGUGUAAGGAAUUUUGUGGUCACAAAUUCGUAUCUAGGGGAAUAUGUAGUUGACAUAAACACUCCGCUCU
hsa-mir-10b,CCAGAGGUUGUAACGUUGUCUAUAUAUACCCUGUAGAACCGAAUUUGUGUGGUAUCCGUAUAGUCACAGAUUCGAUUCUAGGGGAAUAUAUGGUCGAUGCAAAAACUUCA
hsa-mir-1179,GGCUGGAAAGGAAGAAGCAUUCUUUCAUUGGUUGGUGUGUAUUGCCUUGUCAACCAAUAAGAGGAUGCCAUUUAUCCUUUUCUGACUAGCU
hsa-mir-1180,GCUGCUGGACCCACCCGGCCGGGAAUAGUGCUCCUGGUUGUUUCCGGCUCGCGUGGGUGUGUCGGCGGC
hsa-mir-1181,UCCACUGCUGCCGCCGUCGCCGCCACCCGAGCCGGAGCGGGCUGGGCCGCCAAGGCAAGAUGGUGGACUACAGCGUGUGGG
hsa-mir-1183,AUUAUUCAAAUGCUCGGAGACACAGAACAUUAGAGAAGACAGGAGUUCACUGUAGGUGAUGGUGAGAGUGGGCAUGGAGCAGGAGUGCC
hsa-mir-1184-1,CUUGCAGAACGAGGUGAAGGAGGUGGUUCUGCUCAGCAGUCAACAGUGGCCACAUCUCCACCUGCAGCGACUUGAUGGCUUCCGUGUCCUUUUCGUGGG
hsa-mir-1202,CCUGCUGCAGAGGUGCCAGCUGCAGUGGGGGAGGCACUGCCAGGGCUGCCCACUCUGCUUAGCCAGCAGGUGCCAAGAACAGG
hsa-mir-1207,GCAGGGCUGGCAGGGAGGCUGGGAGGGGCUGGCUGGGUCUGGUAGUGGGCAUCAGCUGGCCCUCAUUUCUUAAGACAGCACUUCUGU
hsa-mir-122,CCUUAGCAGAGCUGUGGAGUGUGACAAUGGUGUUUGUGUCUAAACUAUCAAACGCCAUUAUCACACUAAAUAGCUACUGCUAGGC
hsa-mir-1224,GUGAGGACUCGGGAGGUGGAGGGUGGUGCCGCCGGGGCCGGGCGCUGUUUCAGCUCGCUUCUCCCCCCACCUCCUCUCUCCUCAG
hsa-mir-1226,GUGAGGGCAUGCAGGCCUGGAUGGGGCAGCUGGGAUGGUCCAAAAGGGUGGCCUCACCAGCCCUGUGUUCCCUAG
hsa-mir-1227,GUGGGGCCAGGCGGUGGUGGGCACUGCUGGGGUGGGCACAGCAGCCAUGCAGAGCGGGCAUUUGACCCCGUGCCACCCUUUUCCCCAG
hsa-mir-1228,GUGGGCGGGGGCAGGUGUGUGGUGGGUGGUGGCCUGCGGUGAGCAGGGCCCUCACACCUGCCUCGCCCCCCAG
hsa-mir-1229,GUGGGUAGGGUUUGGGGGAGAGCGUGGGCUGGGGUUCAGGGACACCCUCUCACCACUGCCCUCCCACAG
hsa-mir-1231,GUCAGUGUCUGGGCGGACAGCUGCAGGAAAGGGAAGACCAAGGCUUGCUGUCUGUCCAGUCUGCCACCCUACCCUGUCUGUUCUUGCCACAG
hsa-mir-1233-1,GUGAGUGGGAGGCCAGGGCACGGCAGGGGGAGCUGCAGGGCUAUGGGAGGGGCCCCAGCGUCUGAGCCCUGUCCUCCCGCAG
hsa-mir-1233-2,GUGAGUGGGAGGCCAGGGCACGGCAGGGGGAGCUGCAGGGCUAUGGGAGGGGCCCCAGCGUCUGAGCCCUGUCCUCCCGCAG
hsa-mir-1234,GUGAGUGUGGGGUGGCUGGGGCGGGGGGGGCCCGGGGACGGCUUGGGCCUGCCUAGUCGGCCUGACCACCCACCCCACAG
hsa-mir-1236,GUGAGUGACAGGGGAAAUGGGGAUGGACUGGAAGUGGGCAGCAUGGAGCUGACCUUCAUCAUGGCUUGGCCAACAUAAUGCCUCUUCCCCUUGUCUCUCCAG
hsa-mir-124-1,AGGCCUCUCUCUCCGUGUUCACAGCGGACCUUGAUUUAAAUGUCCAUACAAUUAAGGCACGCGGUGAAUGCCAAGAAUGGGGCUG
hsa-mir-124-2,AUCAAGAUUAGAGGCUCUGCUCUCCGUGUUCACAGCGGACCUUGAUUUAAUGUCAUACAAUUAAGGCACGCGGUGAAUGCCAAGAGCGGAGCCUACGGCUGCACUUGAA
hsa-mir-124-3,UGAGGGCCCCUCUGCGUGUUCACAGCGGACCUUGAUUUAAUGUCUAUACAAUUAAGGCACGCGGUGAAUGCCAAGAGAGGCGCCUCC
hsa-mir-1245a,AUUUAUGUAUAGGCCUUUAGAUCAUCUGAUGUUGAAUACUCUUUAAGUGAUCUAAAGGCCUACAUAUAAA
hsa-mir-1245b,UUUAUAUGUAGGCCUUUAGAUCACUUAAAGAGUAUUCAACAUCAGAUGAUCUAAAGGCCUAUACAUAAA
hsa-mir-1246,UGUAUCCUUGAAUGGAUUUUUGGAGCAGGAGUGGACACCUGACCCAAAGGAAAUCAAUCCAUAGGCUAGCAAU
hsa-mir-1247,CCGCUUGCCUCGCCCAGCGCAGCCCCGGCCGCUGGGCGCACCCGUCCCGUUCGUCCCCGGACGUUGCUCUCUACCCCGGGAACGUCGAGACUGGAGCGCCCGAACUGAGCCACCUUCGCGGACCCCGAGAGCGGCG
hsa-mir-1249,GGGAGGAGGGAGGAGAUGGGCCAAGUUCCCUCUGGCUGGAACGCCCUUCCCCCCCUUCUUCACCUG
hsa-mir-1254-1,GGUGGGAGGAUUGCUUGAGCCUGGAAGCUGGAGCCUGCAGUGAACUAUCAUUGUGCCACUGUACUCCAGCCUAGGCAACAAAAUGAAAUCCUGUCUA
hsa-mir-1256,AGUCAGCCUGUUGAAGCUUUGAAGCUUUGAUGCCAGGCAUUGACUUCUCACUAGCUGUGAAAGUCCUAGCUAAAGAGAAGUCAAUGCAUGACAUCUUGUUUCAAUAGAUGGCUGUUUCA
hsa-mir-1258,CUGUGGCUUCCACGACCUAAUCCUAACUCCUGCGAGUCCCUGGAGUUAGGAUUAGGUCGUGGAAGCCACAGGA
hsa-mir-125a,UGCCAGUCUCUAGGUCCCUGAGACCCUUUAACCUGUGAGGACAUCCAGGGUCACAGGUGAGGUUCUUGGGAGCCUGGCGUCUGGCC
hsa-mir-125b-1,UGCGCUCCUCUCAGUCCCUGAGACCCUAACUUGUGAUGUUUACCGUUUAAAUCCACGGGUUAGGCUCUUGGGAGCUGCGAGUCGUGCU
hsa-mir-125b-2,ACCAGACUUUUCCUAGUCCCUGAGACCCUAACUUGUGAGGUAUUUUAGUAACAUCACAAGUCAGGCUCUUGGGACCUAGGCGGAGGGGA
hsa-mir-126,CGCUGGCGACGGGACAUUAUUACUUUUGGUACGCGCUGUGACACUUCAAACUCGUACCGUGAGUAAUAAUGCGCCGUCCACGGCA
hsa-mir-1260a,ACCUUUCCAGCUCAUCCCACCUCUGCCACCAAAACACUCAUCGCGGGGUCAGAGGGAGUGCCAAAAAAGGUAA
hsa-mir-1266,ACAGGUAGUGUCCCUCAGGGCUGUAGAACAGGGCUGGGAUUACUAAAGCCCUGUUCUAUGCCCUGAGGGACACUGAGCAUGUCA
hsa-mir-127,UGUGAUCACUGUCUCCAGCCUGCUGAAGCUCAGAGGGCUCUGAUUCAGAAAGAUCAUCGGAUCCGUCUGAGCUUGGCUGGUCGGAAGUCUCAUCAUC
hsa-mir-1271,CACCCAGAUCAGUGCUUGGCACCUAGCAAGCACUCAGUAAAUAUUUGUUGAGUGCCUGCUAUGUGCCAGGCAUUGUGCUGAGGGCU
hsa-mir-1273a,UGAGGCAGGAGAAUUGCUUGAACCCGGGUGGUGGAGGUUGCAGUGAGCCAAGAUUGCGCCACUGCACUCCAGCCUGGGCGACAAAGCAAGACUCUUUCUUGGA
hsa-mir-1273c,UGCAGCCUGGGCGACAAAACGAGACCCUGUCUUUUUUUUUUUCUGAGACAGAGUCUCGUUCUGUUGCCCAAGCUGGA
hsa-mir-1273d,GAAUCGCUUGAACCCAUGAGGUUGAGGCUGCAGUGAGCCAAGAUCGUGCCACUGCACUUCAGCCUGGGUGACAAGAGCGAAACUUC
hsa-mir-1273e,UGAGGCAGGAGAAUUGCUUGAACCCAGGAAGUGGAGGCUGCAGUGAGCCGAGAUCGAGCCACUGUACUCCAGCCUGGGUGACACAGCGAGACUCCAGUCUCA
hsa-mir-1273f,AGGUGGGAGGAUUGCUUGAGCCUGGGAGAUGGAGGUUGCAGUGAGCUGAGAUCACGCAACUGCACCCCCAGCCUGGGCCAUAGAGUCAGUCCUUGUCUC
hsa-mir-1273g,GAGGUGGGAGGAUUGCUUGAGUCAGGGUGGUUGAGGCUGCAGUAAGUUGUGAUCAUACCACUGCACUCCAGCCUGAGUGACAGAGCAAGACCUUGUCUCA
hsa-mir-1275,CCUCUGUGAGAAAGGGUGUGGGGGAGAGGCUGUCUUGUGUCUGUAAGUAUGCCAAACUUAUUUUCCCCAAGGCAGAGGGA
hsa-mir-128-1,UGAGCUGUUGGAUUCGGGGCCGUAGCACUGUCUGAGAGGUUUACAUUUCUCACAGUGAACCGGUCUCUUUUUCAGCUGCUUC
hsa-mir-128-2,UGUGCAGUGGGAAGGGGGGCCGAUACACUGUACGAGAGUGAGUAGCAGGUCUCACAGUGAACCGGUCUCUUUCCCUACUGUGUC
hsa-mir-1285-1,UGUAGAGAUAGGAUCUCACUUUGUUGCCCAGGCUGGUCUCAAACUCCUGGUCUGGGCAACAAAGUGAGACCUUAUCUCUACAAG
hsa-mir-1285-2,UUUGGGAGGCCGAGGCUGGUGCAUCACUUGAGCCCAGCAAUUUGAGACCAAUCUGGGCAACAAAGUGAGACCUCCGUCUCUACAAAGA
hsa-mir-1286,UGUCCUCUGGGGACUCAGCUUGCUCUGGCUGCUGGAUUGAAUUAGCUGCAGGACCAAGAUGAGCCCUUGGUGGAGACA
hsa-mir-129-1,GGAUCUUUUUGCGGUCUGGGCUUGCUGUUCCUCUCAACAGUAGUCAGGAAGCCCUUACCCCAAAAAGUAUCU
hsa-mir-129-2,UGCCCUUCGCGAAUCUUUUUGCGGUCUGGGCUUGCUGUACAUAACUCAAUAGCCGGAAGCCCUUACCCCAAAAAGCAUUUGCGGAGGGCG
hsa-mir-1290,GAGCGUCACGUUGACACUCAAAAAGUUUCAGAUUUUGGAACAUUUCGGAUUUUGGAUUUUUGGAUCAGGGAUGCUCAA
hsa-mir-1293,AGGUUGUUCUGGGUGGUCUGGAGAUUUGUGCAGCUUGUACCUGCACAAAUCUCCGGACCACUUAGUCUUUA
hsa-mir-1296,ACCUACCUAACUGGGUUAGGGCCCUGGCUCCAUCUCCUUUAGGAAAACCUUCUGUGGGGAGUGGGGCUUCGACCCUAACCCAGGUGGGCUGU
hsa-mir-1299,CCUCAUGGCAGUGUUCUGGAAUCCUACGUGAGGGACAAUCAUUCAGACCCACGUAGCAGUGUUCUGGAAUUCUGUGUGAGGGA
hsa-mir-1301,GGAUUGUGGGGGGUCGCUCUAGGCACCGCAGCACUGUGCUGGGGAUGUUGCAGCUGCCUGGGAGUGACUUCACACAGUCCUC
hsa-mir-1302-1,CAGAAAGCCCAGUUAAAUUUGAAUUUCAAGUAAACAAUGAAUAAUUGUGUAUGUAAGAAUAUCCCAUACAAUAUUUGGGACAUACUUAUGCUAAAAAUUAUUCCUUGCUUAUCUGAAAUUCAAAUGUAACUAGGAUUCCUGUA
hsa-mir-1302-2,GGAUGCCCAGCUAGUUUGAAUUUUAGAUAAACAACGAAUAAUUUCGUAGCAUAAAUAUGUCCCAAGCUUAGUUUGGGACAUACUUAUGCUAAAAAACAUUAUUGGUUGUUUAUCUGAGAUUCAGAAUUAAGCAUUUUA
hsa-mir-1302-3,GGAUGCCCAGCUAGUUUGAAUUUUAGAUAAACAACGAAUAAUUUCGUAGCAUAAAUAUUUCCCAAGCUUAGUUUGGGACAUACUUAUGCUAAAAAACAUUAUUGGUUGUUUAUCUGAGAUUCAAAAUUAAGCAUUUUA
hsa-mir-1302-4,AAUGCAGAAGCACAGCUAAAAUUUGAAUUUCAGAUAAACAAAUUUUUCUUAGAAUAAGUAUGUCUCCAUGCAACAUUUGGGACAUACUUAUGCUAAAAUAUUAUUUGUGUUUCAUCUGAAAUUCAAAUUCAACUGGACAUCCUGUAUUUU
hsa-mir-1302-5,UGCCCGGCCUCCCAUUAAAUUGGUUUUUCAGACAAAUCACAAAUUUGUUUAGGUAUAAGUAUAUCCCAUGUAAUCUUUGGGACAUACUUAUGCUAAAAUAAUUGUUCCUUGUUGAUUGGAAAUUUUAAUUUUAAUUAGGUGUCCUGUAUU
hsa-mir-1302-6,AACAAAUAAUUUGGUAAUAUAUGUAUGGCCCACACAAUAUUUAGGACAACAAUAUUUGGGACAUACUUAUGCUAAAAAAGUAUUUGUUGA
hsa-mir-1302-7,ACAACAUGUUUUUAGGACAUGUAUGUCUGGUGCAAUAAUUGGGACAUACUUAUGCUAAAAAAAUUAGUGUUC
hsa-mir-1302-8,CCCAUUUAAACUUGAAUUUCAUAUAAACACCGUAAUUUUCAGCAUUAGUGUAUCACAUGCAGUAUUUGGGACAUACUUAUGCUAAAAAAUUAGGUGGUGUUGAUCUGAAAUUCCAGUGUAGAUGGGCA
hsa-mir-1302-9,GGAUGCCCAGCUAGUUUGAAUUUUAGAUAAACAACGAAUAAUUUCGUAGCAUAAAUAUGUCCCAAGCUUAGUUUGGGACAUACUUAUGCUAAAAAACAUUAUUGGUUGUUUAUCUGAGAUUCAGAAUUAAGCAUUUUA
hsa-mir-1302-10,GGAUGCCCAGCUAGUUUGAAUUUUAGAUAAACAACGAAUAAUUUCGUAGCAUAAAUAUGUCCCAAGCUUAGUUUGGGACAUACUUAUGCUAAAAAACAUUAUUGGUUGUUUAUCUGAGAUUCAGAAUUAAGCAUUUUA
hsa-mir-1302-11,GGAUGCCCAGCUAGUUUGAAUUUUAGAUAAACAACGAAUAAUUUCGUAGCAUAAAUAUGUCCCAAGCUUAGUUUGGGACAUACUUAUGCUAAAAAACAUUAUUGGUUGUUUAUCUGAGAUUCAGAAUUAAGCAUUUUA
hsa-mir-1303,GGCUGGGCAACAUAGCGAGACCUCAACUCUACAAUUUUUUUUUUUUUAAAUUUUAGAGACGGGGUCUUGCUCUGUUGCCAGGCUUU
hsa-mir-1305,AAGAUCCUGCUGUUUCUACCAUUAGUUUUGAAUGUUUAUUGUAAAGAUACUUUUCAACUCUAAUGGGAGAGACAGCAGGAUUCUCC
hsa-mir-1307,CAUCAAGACCCAGCUGAGUCACUGUCACUGCCUACCAAUCUCGACCGGACCUCGACCGGCUCGUCUGUGUUGCCAAUCGACUCGGCGUGGCGUCGGUCGUGGUAGAUAGGCGGUCAUGCAUACGAAUUUUCAGCUCUUGUUCUGGUGAC
hsa-mir-130a,UGCUGCUGGCCAGAGCUCUUUUCACAUUGUGCUACUGUCUGCACCUGUCACUAGCAGUGCAAUGUUAAAAGGGCAUUGGCCGUGUAGUG
hsa-mir-130b,GGCCUGCCCGACACUCUUUCCCUGUUGCACUACUAUAGGCCGCUGGGAAGCAGUGCAAUGAUGAAAGGGCAUCGGUCAGGUC
hsa-mir-132,CCGCCCCCGCGUCUCCAGGGCAACCGUGGCUUUCGAUUGUUACUGUGGGAACUGGAGGUAACAGUCUACAGCCAUGGUCGCCCCGCAGCACGCCCACGCGC
hsa-mir-1322,AGUAUCAUGAAUUAGAAACCUACUUAUUACAUAGUUUACAUAAGAAGCGUGAUGAUGCUGCUGAUGCUGUA
hsa-mir-1323,ACUGAGGUCCUCAAAACUGAGGGGCAUUUUCUGUGGUUUGAAAGGAAAGUGCACCCAGUUUUGGGGAUGUCAA
hsa-mir-133a-1,ACAAUGCUUUGCUAGAGCUGGUAAAAUGGAACCAAAUCGCCUCUUCAAUGGAUUUGGUCCCCUUCAACCAGCUGUAGCUAUGCAUUGA
hsa-mir-133a-2,GGGAGCCAAAUGCUUUGCUAGAGCUGGUAAAAUGGAACCAAAUCGACUGUCCAAUGGAUUUGGUCCCCUUCAACCAGCUGUAGCUGUGCAUUGAUGGCGCCG
hsa-mir-133b,CCUCAGAAGAAAGAUGCCCCCUGCUCUGGCUGGUCAAACGGAACCAAGUCCGUCUUCCUGAGAGGUUUGGUCCCCUUCAACCAGCUACAGCAGGGCUGGCAAUGCCCAGUCCUUGGAGA
hsa-mir-134,CAGGGUGUGUGACUGGUUGACCAGAGGGGCAUGCACUGUGUUCACCCUGUGGGCCACCUAGUCACCAACCCUC
hsa-mir-135a-1,AGGCCUCGCUGUUCUCUAUGGCUUUUUAUUCCUAUGUGAUUCUACUGCUCACUCAUAUAGGGAUUGGAGCCGUGGCGCACGGCGGGGACA
hsa-mir-135b,CACUCUGCUGUGGCCUAUGGCUUUUCAUUCCUAUGUGAUUGCUGUCCCAAACUCAUGUAGGGCUAAAAGCCAUGGGCUACAGUGAGGGGCGAGCUCC
hsa-mir-136,UGAGCCCUCGGAGGACUCCAUUUGUUUUGAUGAUGGAUUCUUAUGCUCCAUCAUCGUCUCAAAUGAGUCUUCAGAGGGUUCU
hsa-mir-137,GGUCCUCUGACUCUCUUCGGUGACGGGUAUUCUUGGGUGGAUAAUACGGAUUACGUUGUUAUUGCUUAAGAAUACGCGUAGUCGAGGAGAGUACCAGCGGCA
hsa-mir-138-1,CCCUGGCAUGGUGUGGUGGGGCAGCUGGUGUUGUGAAUCAGGCCGUUGCCAAUCAGAGAACGGCUACUUCACAACACCAGGGCCACACCACACUACAGG
hsa-mir-138-2,CGUUGCUGCAGCUGGUGUUGUGAAUCAGGCCGACGAGCAGCGCAUCCUCUUACCCGGCUAUUUCACGACACCAGGGUUGCAUCA
hsa-mir-139,GUGUAUUCUACAGUGCACGUGUCUCCAGUGUGGCUCGGAGGCUGGAGACGCGGCCCUGUUGGAGUAAC
hsa-mir-140,UGUGUCUCUCUCUGUGUCCUGCCAGUGGUUUUACCCUAUGGUAGGUUACGUCAUGCUGUUCUACCACAGGGUAGAACCACGGACAGGAUACCGGGGCACC
hsa-mir-141,CGGCCGGCCCUGGGUCCAUCUUCCAGUACAGUGUUGGAUGGUCUAAUUGUGAAGCUCCUAACACUGUCUGGUAAAGAUGGCUCCCGGGUGGGUUC
hsa-mir-142,GACAGUGCAGUCACCCAUAAAGUAGAAAGCACUACUAACAGCACUGGAGGGUGUAGUGUUUCCUACUUUAUGGAUGAGUGUACUGUG
hsa-mir-143,GCGCAGCGCCCUGUCUCCCAGCCUGAGGUGCAGUGCUGCAUCUCUGGUCAGUUGGGAGUCUGAGAUGAAGCACUGUAGCUCAGGAAGAGAGAAGUUGUUCUGCAGC
hsa-mir-144,UGGGGCCCUGGCUGGGAUAUCAUCAUAUACUGUAAGUUUGCGAUGAGACACUACAGUAUAGAUGAUGUACUAGUCCGGGCACCCCC
hsa-mir-145,CACCUUGUCCUCACGGUCCAGUUUUCCCAGGAAUCCCUUAGAUGCUAAGAUGGGGAUUCCUGGAAAUACUGUUCUUGAGGUCAUGGUU
hsa-mir-146a,CCGAUGUGUAUCCUCAGCUUUGAGAACUGAAUUCCAUGGGUUGUGUCAGUGUCAGACCUCUGAAAUUCAGUUCUUCAGCUGGGAUAUCUCUGUCAUCGU
hsa-mir-1469,CUCGGCGCGGGGCGCGGGCUCCGGGUUGGGGCGAGCCAACGCCGGGG
hsa-mir-146b,CCUGGCACUGAGAACUGAAUUCCAUAGGCUGUGAGCUCUAGCAAUGCCCUGUGGACUCAGUUCUGGUGCCCGG
hsa-mir-147a,AAUCUAAAGACAACAUUUCUGCACACACACCAGACUAUGGAAGCCAGUGUGUGGAAAUGCUUCUGCUAGAUU
hsa-mir-147b,UAUAAAUCUAGUGGAAACAUUUCUGCACAAACUAGAUUCUGGACACCAGUGUGCGGAAAUGCUUCUGCUACAUUUUUAGG
hsa-mir-148a,GAGGCAAAGUUCUGAGACACUCCGACUCUGAGUAUGAUAGAAGUCAGUGCACUACAGAACUUUGUCUC
hsa-mir-148b,CAAGCACGAUUAGCAUUUGAGGUGAAGUUCUGUUAUACACUCAGGCUGUGGCUCUCUGAAAGUCAGUGCAUCACAGAACUUUGUCUCGAAAGCUUUCUA
hsa-mir-149,GCCGGCGCCCGAGCUCUGGCUCCGUGUCUUCACUCCCGUGCUUGUCCGAGGAGGGAGGGAGGGACGGGGGCUGUGCUGGGGCAGCUGGA
hsa-mir-15a,CCUUGGAGUAAAGUAGCAGCACAUAAUGGUUUGUGGAUUUUGAAAAGGUGCAGGCCAUAUUGUGCUGCCUCAAAAAUACAAGG
hsa-mir-150,CUCCCCAUGGCCCUGUCUCCCAACCCUUGUACCAGUGCUGGGCUCAGACCCUGGUACAGGCCUGGGGGACAGGGACCUGGGGAC
hsa-mir-151a,UUUCCUGCCCUCGAGGAGCUCACAGUCUAGUAUGUCUCAUCCCCUACUAGACUGAAGCUCCUUGAGGACAGGGAUGGUCAUACUCACCUC
hsa-mir-152,UGUCCCCCCCGGCCCAGGUUCUGUGAUACACUCCGACUCGGGCUCUGGAGCAGUCAGUGCAUGACAGAACUUGGGCCCGGAAGGACC
hsa-mir-153-1,CUCACAGCUGCCAGUGUCAUUUUUGUGAUCUGCAGCUAGUAUUCUCACUCCAGUUGCAUAGUCACAAAAGUGAUCAUUGGCAGGUGUGGC
hsa-mir-153-2,AGCGGUGGCCAGUGUCAUUUUUGUGAUGUUGCAGCUAGUAAUAUGAGCCCAGUUGCAUAGUCACAAAAGUGAUCAUUGGAAACUGUG
hsa-mir-154,GUGGUACUUGAAGAUAGGUUAUCCGUGUUGCCUUCGCUUUAUUUGUGACGAAUCAUACACGGUUGACCUAUUUUUCAGUACCAA
hsa-mir-155,CUGUUAAUGCUAAUCGUGAUAGGGGUUUUUGCCUCCAACUGACUCCUACAUAUUAGCAUUAACAG
hsa-mir-15b,UUGAGGCCUUAAAGUACUGUAGCAGCACAUCAUGGUUUACAUGCUACAGUCAAGAUGCGAAUCAUUAUUUGCUGCUCUAGAAAUUUAAGGAAAUUCAU
hsa-mir-16-1,GUCAGCAGUGCCUUAGCAGCACGUAAAUAUUGGCGUUAAGAUUCUAAAAUUAUCUCCAGUAUUAACUGUGCUGCUGAAGUAAGGUUGAC
hsa-mir-16-2,GUUCCACUCUAGCAGCACGUAAAUAUUGGCGUAGUGAAAUAUAUAUUAAACACCAAUAUUACUGUGCUGCUUUAGUGUGAC
hsa-mir-17,GUCAGAAUAAUGUCAAAGUGCUUACAGUGCAGGUAGUGAUAUGUGCAUCUACUGCAGUGAAGGCACUUGUAGCAUUAUGGUGAC
hsa-mir-18a,UGUUCUAAGGUGCAUCUAGUGCAGAUAGUGAAGUAGAUUAGCAUCUACUGCCCUAAGUGCUCCUUCUGGCA
hsa-mir-181a-1,UGAGUUUUGAGGUUGCUUCAGUGAACAUUCAACGCUGUCGGUGAGUUUGGAAUUAAAAUCAAAACCAUCGACCGUUGAUUGUACCCUAUGGCUAACCAUCAUCUACUCCA
hsa-mir-181a-2,AGAAGGGCUAUCAGGCCAGCCUUCAGAGGACUCCAAGGAACAUUCAACGCUGUCGGUGAGUUUGGGAUUUGAAAAAACCACUGACCGUUGACUGUACCUUGGGGUCCUUA
hsa-mir-181b-1,CCUGUGCAGAGAUUAUUUUUUAAAAGGUCACAAUCAACAUUCAUUGCUGUCGGUGGGUUGAACUGUGUGGACAAGCUCACUGAACAAUGAAUGCAACUGUGGCCCCGCUU
hsa-mir-181b-2,CUGAUGGCUGCACUCAACAUUCAUUGCUGUCGGUGGGUUUGAGUCUGAAUCAACUCACUGAUCAAUGAAUGCAAACUGCGGACCAAACA
hsa-mir-181c,CGGAAAAUUUGCCAAGGGUUUGGGGGAACAUUCAACCUGUCGGUGAGUUUGGGCAGCUCAGGCAAACCAUCGACCGUUGAGUGGACCCUGAGGCCUGGAAUUGCCAUCCU
hsa-mir-181d,GUCCCCUCCCCUAGGCCACAGCCGAGGUCACAAUCAACAUUCAUUGUUGUCGGUGGGUUGUGAGGACUGAGGCCAGACCCACCGGGGGAUGAAUGUCACUGUGGCUGGGCCAGACACGGCUUAAGGGGAAUGGGGAC
hsa-mir-182,GAGCUGCUUGCCUCCCCCCGUUUUUGGCAAUGGUAGAACUCACACUGGUGAGGUAACAGGAUCCGGUGGUUCUAGACUUGCCAACUAUGGGGCGAGGACUCAGCCGGCAC
hsa-mir-1827,UCAGCAGCACAGCCUUCAGCCUAAAGCAAUGAGAAGCCUCUGAAAGGCUGAGGCAGUAGAUUGAAU
hsa-mir-183,CCGCAGAGUGUGACUCCUGUUCUGUGUAUGGCACUGGUAGAAUUCACUGUGAACAGUCUCAGUCAGUGAAUUACCGAAGGGCCAUAAACAGAGCAGAGACAGAUCCACGA
hsa-mir-184,CCAGUCACGUCCCCUUAUCACUUUUCCAGCCCAGCUUUGUGACUGUAAGUGUUGGACGGAGAACUGAUAAGGGUAGGUGAUUGA
hsa-mir-185,AGGGGGCGAGGGAUUGGAGAGAAAGGCAGUUCCUGAUGGUCCCCUCCCCAGGGGCUGGCUUUCCUCUGGUCCUUCCCUCCCA
hsa-mir-186,UGCUUGUAACUUUCCAAAGAAUUCUCCUUUUGGGCUUUCUGGUUUUAUUUUAAGCCCAAAGGUGAAUUUUUUGGGAAGUUUGAGCU
hsa-mir-187,GGUCGGGCUCACCAUGACACAGUGUGAGACCUCGGGCUACAACACAGGACCCGGGCGCUGCUCUGACCCCUCGUGUCUUGUGUUGCAGCCGGAGGGACGCAGGUCCGCA
hsa-mir-188,UGCUCCCUCUCUCACAUCCCUUGCAUGGUGGAGGGUGAGCUUUCUGAAAACCCCUCCCACAUGCAGGGUUUGCAGGAUGGCGAGCC
hsa-mir-24-1,CUCCGGUGCCUACUGAGCUGAUAUCAGUUCUCAUUUUACACACUGGCUCAGUUCAGCAGGAACAGGAG
hsa-mir-18b,UGUGUUAAGGUGCAUCUAGUGCAGUUAGUGAAGCAGCUUAGAAUCUACUGCCCUAAAUGCCCCUUCUGGCA
hsa-mir-190a,UGCAGGCCUCUGUGUGAUAUGUUUGAUAUAUUAGGUUGUUAUUUAAUCCAACUAUAUAUCAAACAUAUUCCUACAGUGUCUUGCC
hsa-mir-1909,CAUCCAGGACAAUGGUGAGUGCCGGUGCCUGCCCUGGGGCCGUCCCUGCGCAGGGGCCGGGUGCUCACCGCAUCUGCCCC
hsa-mir-191,CGGCUGGACAGCGGGCAACGGAAUCCCAAAAGCAGCUGUUGUCUCCAGAGCAUUCCAGCUGCGCUUGGAUUUCGUCCCCUGCUCUCCUGCCU
hsa-mir-1915,UGAGAGGCCGCACCUUGCCUUGCUGCCCGGGCCGUGCACCCGUGGGCCCCAGGGCGACGCGGCGGGGGCGGCCCUAGCGA
hsa-mir-192,GCCGAGACCGAGUGCACAGGGCUCUGACCUAUGAAUUGACAGCCAGUGCUCUCGUCUCCCCUCUGGCUGCCAAUUCCAUAGGUCACAGGUAUGUUCGCCUCAAUGCCAGC
hsa-mir-193a,CGAGGAUGGGAGCUGAGGGCUGGGUCUUUGCGGGCGAGAUGAGGGUGUCGGAUCAACUGGCCUACAAAGUCCCAGUUCUCGGCCCCCG
hsa-mir-193b,GUGGUCUCAGAAUCGGGGUUUUGAGGGCGAGAUGAGUUUAUGUUUUAUCCAACUGGCCCUCAAAGUCCCGCUUUUGGGGUCAU
hsa-mir-194-1,AUGGUGUUAUCAAGUGUAACAGCAACUCCAUGUGGACUGUGUACCAAUUUCCAGUGGAGAUGCUGUUACUUUUGAUGGUUACCAA
hsa-mir-194-2,UGGUUCCCGCCCCCUGUAACAGCAACUCCAUGUGGAAGUGCCCACUGGUUCCAGUGGGGCUGCUGUUAUCUGGGGCGAGGGCCAG
hsa-mir-195,AGCUUCCCUGGCUCUAGCAGCACAGAAAUAUUGGCACAGGGAAGCGAGUCUGCCAAUAUUGGCUGUGCUGCUCCAGGCAGGGUGGUG
hsa-mir-196a-1,GUGAAUUAGGUAGUUUCAUGUUGUUGGGCCUGGGUUUCUGAACACAACAACAUUAAACCACCCGAUUCAC
hsa-mir-196a-2,UGCUCGCUCAGCUGAUCUGUGGCUUAGGUAGUUUCAUGUUGUUGGGAUUGAGUUUUGAACUCGGCAACAAGAAACUGCCUGAGUUACAUCAGUCGGUUUUCGUCGAGGGC
hsa-mir-196b,ACUGGUCGGUGAUUUAGGUAGUUUCCUGUUGUUGGGAUCCACCUUUCUCUCGACAGCACGACACUGCCUUCAUUACUUCAGUUG
hsa-mir-197,GGCUGUGCCGGGUAGAGAGGGCAGUGGGAGGUAAGAGCUCUUCACCCUUCACCACCUUCUCCACCCAGCAUGGCC
hsa-mir-1972-1,UAUAGGCAUGUGCCACCACACCUGGCUUAAAUGUGUCAUUUAAAAAUUCAGGCCAGGCACAGUGGCUCAUGCCUGUA
hsa-mir-1972-2,UAUAGGCAUGUGCCACCACACCUGGCUUAAAUGUGUCAUUUAAAAAUUCAGGCCAGGCACAGUGGCUCAUGCCUGUA
hsa-mir-198,UCAUUGGUCCAGAGGGGAGAUAGGUUCCUGUGAUUUUUCCUUCUUCUCUAUAGAAUAAAUGA
hsa-mir-199a-1,GCCAACCCAGUGUUCAGACUACCUGUUCAGGAGGCUCUCAAUGUGUACAGUAGUCUGCACAUUGGUUAGGC
hsa-mir-199a-2,AGGAAGCUUCUGGAGAUCCUGCUCCGUCGCCCCAGUGUUCAGACUACCUGUUCAGGACAAUGCCGUUGUACAGUAGUCUGCACAUUGGUUAGACUGGGCAAGGGAGAGCA
hsa-mir-199b,CCAGAGGACACCUCCACUCCGUCUACCCAGUGUUUAGACUAUCUGUUCAGGACUCCCAAAUUGUACAGUAGUCUGCACAUUGGUUAGGCUGGGCUGGGUUAGACCCUCGG
hsa-mir-19a,GCAGUCCUCUGUUAGUUUUGCAUAGUUGCACUACAAGAAGAAUGUAGUUGUGCAAAUCUAUGCAAAACUGAUGGUGGCCUGC
hsa-mir-19b-1,CACUGUUCUAUGGUUAGUUUUGCAGGUUUGCAUCCAGCUGUGUGAUAUUCUGCUGUGCAAAUCCAUGCAAAACUGACUGUGGUAGUG
hsa-mir-19b-2,ACAUUGCUACUUACAAUUAGUUUUGCAGGUUUGCAUUUCAGCGUAUAUAUGUAUAUGUGGCUGUGCAAAUCCAUGCAAAACUGAUUGUGAUAAUGU
hsa-mir-20a,GUAGCACUAAAGUGCUUAUAGUGCAGGUAGUGUUUAGUUAUCUACUGCAUUAUGAGCACUUAAAGUACUGC
hsa-mir-200a,CCGGGCCCCUGUGAGCAUCUUACCGGACAGUGCUGGAUUUCCCAGCUUGACUCUAACACUGUCUGGUAACGAUGUUCAAAGGUGACCCGC
hsa-mir-200b,CCAGCUCGGGCAGCCGUGGCCAUCUUACUGGGCAGCAUUGGAUGGAGUCAGGUCUCUAAUACUGCCUGGUAAUGAUGACGGCGGAGCCCUGCACG
hsa-mir-200c,CCCUCGUCUUACCCAGCAGUGUUUGGGUGCGGUUGGGAGUCUCUAAUACUGCCGGGUAAUGAUGGAGG
hsa-mir-202,CGCCUCAGAGCCGCCCGCCGUUCCUUUUUCCUAUGCAUAUACUUCUUUGAGGAUCUGGCCUAAAGAGGUAUAGGGCAUGGGAAAACGGGGCGGUCGGGUCCUCCCCAGCG
hsa-mir-203a,GUGUUGGGGACUCGCGCGCUGGGUCCAGUGGUUCUUAACAGUUCAACAGUUCUGUAGCGCAAUUGUGAAAUGUUUAGGACCACUAGACCCGGCGGGCGCGGCGACAGCGA
hsa-mir-204,GGCUACAGUCUUUCUUCAUGUGACUCGUGGACUUCCCUUUGUCAUCCUAUGCCUGAGAAUAUAUGAAGGAGGCUGGGAAGGCAAAGGGACGUUCAAUUGUCAUCACUGGC
hsa-mir-205,AAAGAUCCUCAGACAAUCCAUGUGCUUCUCUUGUCCUUCAUUCCACCGGAGUCUGUCUCAUACCCAACCAGAUUUCAGUGGAGUGAAGUUCAGGAGGCAUGGAGCUGACA
hsa-mir-206,UGCUUCCCGAGGCCACAUGCUUCUUUAUAUCCCCAUAUGGAUUACUUUGCUAUGGAAUGUAAGGAAGUGUGUGGUUUCGGCAAGUG
hsa-mir-208a,UGACGGGCGAGCUUUUGGCCCGGGUUAUACCUGAUGCUCACGUAUAAGACGAGCAAAAAGCUUGUUGGUCA
hsa-mir-208b,CCUCUCAGGGAAGCUUUUUGCUCGAAUUAUGUUUCUGAUCCGAAUAUAAGACGAACAAAAGGUUUGUCUGAGGGCAG
hsa-mir-20b,AGUACCAAAGUGCUCAUAGUGCAGGUAGUUUUGGCAUGACUCUACUGUAGUAUGGGCACUUCCAGUACU
hsa-mir-21,UGUCGGGUAGCUUAUCAGACUGAUGUUGACUGUUGAAUCUCAUGGCAACACCAGUCGAUGGGCUGUCUGACA
hsa-mir-210,ACCCGGCAGUGCCUCCAGGCGCAGGGCAGCCCCUGCCCACCGCACACUGCGCUGCCCCAGACCCACUGUGCGUGUGACAGCGGCUGAUCUGUGCCUGGGCAGCGCGACCC
hsa-mir-211,UCACCUGGCCAUGUGACUUGUGGGCUUCCCUUUGUCAUCCUUCGCCUAGGGCUCUGAGCAGGGCAGGGACAGCAAAGGGGUGCUCAGUUGUCACUUCCCACAGCACGGAG
hsa-mir-2110,CAGGGGUUUGGGGAAACGGCCGCUGAGUGAGGCGUCGGCUGUGUUUCUCACCGCGGUCUUUUCCUCCCACUCUUG
hsa-mir-212,CGGGGCACCCCGCCCGGACAGCGCGCCGGCACCUUGGCUCUAGACUGCUUACUGCCCGGGCCGCCCUCAGUAACAGUCUCCAGUCACGGCCACCGACGCCUGGCCCCGCC
hsa-mir-214,GGCCUGGCUGGACAGAGUUGUCAUGUGUCUGCCUGUCUACACUUGCUGUGCAGAACAUCCGCUCACCUGUACAGCAGGCACAGACAGGCAGUCACAUGACAACCCAGCCU
hsa-mir-215,AUCAUUCAGAAAUGGUAUACAGGAAAAUGACCUAUGAAUUGACAGACAAUAUAGCUGAGUUUGUCUGUCAUUUCUUUAGGCCAAUAUUCUGUAUGACUGUGCUACUUCAA
hsa-mir-216a,GAUGGCUGUGAGUUGGCUUAAUCUCAGCUGGCAACUGUGAGAUGUUCAUACAAUCCCUCACAGUGGUCUCUGGGAUUAUGCUAAACAGAGCAAUUUCCUAGCCCUCACGA
hsa-mir-216b,GCAGACUGGAAAAUCUCUGCAGGCAAAUGUGAUGUCACUGAGGAAAUCACACACUUACCCGUAGAGAUUCUACAGUCUGACA
hsa-mir-217,AGUAUAAUUAUUACAUAGUUUUUGAUGUCGCAGAUACUGCAUCAGGAACUGAUUGGAUAAGAAUCAGUCACCAUCAGUUCCUAAUGCAUUGCCUUCAGCAUCUAAACAAG
hsa-mir-218-1,GUGAUAAUGUAGCGAGAUUUUCUGUUGUGCUUGAUCUAACCAUGUGGUUGCGAGGUAUGAGUAAAACAUGGUUCCGUCAAGCACCAUGGAACGUCACGCAGCUUUCUACA
hsa-mir-218-2,GACCAGUCGCUGCGGGGCUUUCCUUUGUGCUUGAUCUAACCAUGUGGUGGAACGAUGGAAACGGAACAUGGUUCUGUCAAGCACCGCGGAAAGCACCGUGCUCUCCUGCA
hsa-mir-219-1,CCGCCCCGGGCCGCGGCUCCUGAUUGUCCAAACGCAAUUCUCGAGUCUAUGGCUCCGGCCGAGAGUUGAGUCUGGACGUCCCGAGCCGCCGCCCCCAAACCUCGAGCGGG
hsa-mir-219-2,ACUCAGGGGCUUCGCCACUGAUUGUCCAAACGCAAUUCUUGUACGAGUCUGCGGCCAACCGAGAAUUGUGGCUGGACAUCUGUGGCUGAGCUCCGGG
hsa-mir-22,GGCUGAGCCGCAGUAGUUCUUCAGUGGCAAGCUUUAUGUCCUGACCCAGCUAAAGCUGCCAGUUGAAGAACUGUUGCCCUCUGCC
hsa-mir-221,UGAACAUCCAGGUCUGGGGCAUGAACCUGGCAUACAAUGUAGAUUUCUGUGUUCGUUAGGCAACAGCUACAUUGUCUGCUGGGUUUCAGGCUACCUGGAAACAUGUUCUC
hsa-mir-222,GCUGCUGGAAGGUGUAGGUACCCUCAAUGGCUCAGUAGCCAGUGUAGAUCCUGUCUUUCGUAAUCAGCAGCUACAUCUGGCUACUGGGUCUCUGAUGGCAUCUUCUAGCU
hsa-mir-223,CCUGGCCUCCUGCAGUGCCACGCUCCGUGUAUUUGACAAGCUGAGUUGGACACUCCAUGUGGUAGAGUGUCAGUUUGUCAAAUACCCCAAGUGCGGCACAUGCUUACCAG
hsa-mir-224,GGGCUUUCAAGUCACUAGUGGUUCCGUUUAGUAGAUGAUUGUGCAUUGUUUCAAAAUGGUGCCCUAGUGACUACAAAGCCC
hsa-mir-2355,CAGACGUGUCAUCCCCAGAUACAAUGGACAAUAUGCUAUUAUAAUCGUAUGGCAUUGUCCUUGCUGUUUGGAGAUAAUACUGCUGAC
hsa-mir-23a,GGCCGGCUGGGGUUCCUGGGGAUGGGAUUUGCUUCCUGUCACAAAUCACAUUGCCAGGGAUUUCCAACCGACC
hsa-mir-23b,CUCAGGUGCUCUGGCUGCUUGGGUUCCUGGCAUGCUGAUUUGUGACUUAAGAUUAAAAUCACAUUGCCAGGGAUUACCACGCAACCACGACCUUGGC
hsa-mir-24-2,CUCUGCCUCCCGUGCCUACUGAGCUGAAACACAGUUGGUUUGUGUACACUGGCUCAGUUCAGCAGGAACAGGG
hsa-mir-25,GGCCAGUGUUGAGAGGCGGAGACUUGGGCAAUUGCUGGACGCUGCCCUGGGCAUUGCACUUGUCUCGGUCUGACAGUGCCGGCC
hsa-mir-26a-1,GUGGCCUCGUUCAAGUAAUCCAGGAUAGGCUGUGCAGGUCCCAAUGGGCCUAUUCUUGGUUACUUGCACGGGGACGC
hsa-mir-26a-2,GGCUGUGGCUGGAUUCAAGUAAUCCAGGAUAGGCUGUUUCCAUCUGUGAGGCCUAUUCUUGAUUACUUGUUUCUGGAGGCAGCU
hsa-mir-26b,CCGGGACCCAGUUCAAGUAAUUCAGGAUAGGUUGUGUGCUGUCCAGCCUGUUCUCCAUUACUUGGCUCGGGGACCGG
hsa-mir-27a,CUGAGGAGCAGGGCUUAGCUGCUUGUGAGCAGGGUCCACACCAAGUCGUGUUCACAGUGGCUAAGUUCCGCCCCCCAG
hsa-mir-27b,ACCUCUCUAACAAGGUGCAGAGCUUAGCUGAUUGGUGAACAGUGAUUGGUUUCCGCUUUGUUCACAGUGGCUAAGUUCUGCACCUGAAGAGAAGGUG
hsa-mir-28,GGUCCUUGCCCUCAAGGAGCUCACAGUCUAUUGAGUUACCUUUCUGACUUUCCCACUAGAUUGUGAGCUCCUGGAGGGCAGGCACU
hsa-mir-2861,GGCGCCUCUGCAGCUCCGGCUCCCCCUGGCCUCUCGGGAACUACAAGUCCCAGGGGGCCUGGCGGUGGGCGGCGGGCGGAAGAGGCGGGG
hsa-mir-29a,AUGACUGAUUUCUUUUGGUGUUCAGAGUCAAUAUAAUUUUCUAGCACCAUCUGAAAUCGGUUAU
hsa-mir-296,AGGACCCUUCCAGAGGGCCCCCCCUCAAUCCUGUUGUGCCUAAUUCAGAGGGUUGGGUGGAGGCUCUCCUGAAGGGCUCU
hsa-mir-297,UGUAUGUAUGUGUGCAUGUGCAUGUAUGUGUAUAUACAUAUAUAUGUAUUAUGUACUCAUAUAUCA
hsa-mir-298,UCAGGUCUUCAGCAGAAGCAGGGAGGUUCUCCCAGUGGUUUUCCUUGACUGUGAGGAACUAGCCUGCUGCUUUGCUCAGGAGUGAGCU
hsa-mir-299,AAGAAAUGGUUUACCGUCCCACAUACAUUUUGAAUAUGUAUGUGGGAUGGUAAACCGCUUCUU
hsa-mir-29b-1,CUUCAGGAAGCUGGUUUCAUAUGGUGGUUUAGAUUUAAAUAGUGAUUGUCUAGCACCAUUUGAAAUCAGUGUUCUUGGGGG
hsa-mir-29b-2,CUUCUGGAAGCUGGUUUCACAUGGUGGCUUAGAUUUUUCCAUCUUUGUAUCUAGCACCAUUUGAAAUCAGUGUUUUAGGAG
hsa-mir-29c,AUCUCUUACACAGGCUGACCGAUUUCUCCUGGUGUUCAGAGUCUGUUUUUGUCUAGCACCAUUUGAAAUCGGUUAUGAUGUAGGGGGA
hsa-mir-300,UGCUACUUGAAGAGAGGUAAUCCUUCACGCAUUUGCUUUACUUGCAAUGAUUAUACAAGGGCAGACUCUCUCUGGGGAGCAAA
hsa-mir-301a,ACUGCUAACGAAUGCUCUGACUUUAUUGCACUACUGUACUUUACAGCUAGCAGUGCAAUAGUAUUGUCAAAGCAUCUGAAAGCAGG
hsa-mir-301b,GCCGCAGGUGCUCUGACGAGGUUGCACUACUGUGCUCUGAGAAGCAGUGCAAUGAUAUUGUCAAAGCAUCUGGGACCA
hsa-mir-302a,CCACCACUUAAACGUGGAUGUACUUGCUUUGAAACUAAAGAAGUAAGUGCUUCCAUGUUUUGGUGAUGG
hsa-mir-302b,GCUCCCUUCAACUUUAACAUGGAAGUGCUUUCUGUGACUUUAAAAGUAAGUGCUUCCAUGUUUUAGUAGGAGU
hsa-mir-302c,CCUUUGCUUUAACAUGGGGGUACCUGCUGUGUGAAACAAAAGUAAGUGCUUCCAUGUUUCAGUGGAGG
hsa-mir-302d,CCUCUACUUUAACAUGGAGGCACUUGCUGUGACAUGACAAAAAUAAGUGCUUCCAUGUUUGAGUGUGG
hsa-mir-302e,UUGGGUAAGUGCUUCCAUGCUUCAGUUUCCUUACUGGUAAGAUGGAUGUAGUAAUAGCACCUACCUUAUAGA
hsa-mir-302f,UCUGUGUAAACCUGGCAAUUUUCACUUAAUUGCUUCCAUGUUUAUAAAAGA
hsa-mir-30a,GCGACUGUAAACAUCCUCGACUGGAAGCUGUGAAGCCACAGAUGGGCUUUCAGUCGGAUGUUUGCAGCUGC
hsa-mir-30b,ACCAAGUUUCAGUUCAUGUAAACAUCCUACACUCAGCUGUAAUACAUGGAUUGGCUGGGAGGUGGAUGUUUACUUCAGCUGACUUGGA
hsa-mir-30c-1,ACCAUGCUGUAGUGUGUGUAAACAUCCUACACUCUCAGCUGUGAGCUCAAGGUGGCUGGGAGAGGGUUGUUUACUCCUUCUGCCAUGGA
hsa-mir-30c-2,AGAUACUGUAAACAUCCUACACUCUCAGCUGUGGAAAGUAAGAAAGCUGGGAGAAGGCUGUUUACUCUUUCU
hsa-mir-30d,GUUGUUGUAAACAUCCCCGACUGGAAGCUGUAAGACACAGCUAAGCUUUCAGUCAGAUGUUUGCUGCUAC
hsa-mir-30e,GGGCAGUCUUUGCUACUGUAAACAUCCUUGACUGGAAGCUGUAAGGUGUUCAGAGGAGCUUUCAGUCGGAUGUUUACAGCGGCAGGCUGCCA
hsa-mir-31,GGAGAGGAGGCAAGAUGCUGGCAUAGCUGUUGAACUGGGAACCUGCUAUGCCAACAUAUUGCCAUCUUUCC
hsa-mir-3151,GGGGUGAUGGGUGGGGCAAUGGGAUCAGGUGCCUCAAAGGGCAUCCCACCUGAUCCCACAGCCCACCUGUCACCCC
hsa-mir-3163,UUCCUCAUCUAUAAAAUGAGGGCAGUAAGACCUUCCUUCCUUGUCUUACUACCCCCAUUUUAUAGAUGAGGAA
hsa-mir-3179-1,CAGGAUCACAGACGUUUAAAUUACACUCCUUCUGCUGUGCCUUACAGCAGUAGAAGGGGUGAAAUUUAAACGUCUGUGAUCCUG
hsa-mir-3179-2,CAGGAUCACAGACGUUUAAAUUACACUCCUUCUGCUGUGCCUUACAGCAGUAGAAGGGGUGAAAUUUAAACGUCUGUGAUCCUG
hsa-mir-3179-3,CAGGAUCACAGACGUUUAAAUUACACUCCUUCUGCUGUGCCUUACAGCAGUAGAAGGGGUGAAAUUUAAACGUCUGUGAUCCUG
hsa-mir-3186,AGCCUGCGGUUCCAACAGGCGUCUGUCUACGUGGCUUCAACCAAGUUCAAAGUCACGCGGAGAGAUGGCUUUGGAACCAGGGGCU
hsa-mir-3196,GGGUGGGGGCGGGGCGGCAGGGGCCUCCCCCAGUGCCAGGCCCCAUUCUGCUUCUCUCCCAGCU
hsa-mir-32,GGAGAUAUUGCACAUUACUAAGUUGCAUGUUGUCACGGCCUCAAUGCAAUUUAGUGUGUGUGAUAUUUUC
hsa-mir-320a,CUCCCCUCCGCCUUCUCUUCCCGGUUCUUCCCGGAGUCGGGAAAAGCUGGGUUGAGAGGGCGAAAAAGGAUG
hsa-mir-320b-1,AUAAAUUAAUCCCUCUCUUUCUAGUUCUUCCUAGAGUGAGGAAAAGCUGGGUUGAGAGGGCAAACAAAUUAA
hsa-mir-320b-2,GUCUCUUAGGCUUUCUCUUCCCAGAUUUCCCAAAGUUGGGAAAAGCUGGGUUGAGAGGGCAAAAGGAAAAA
hsa-mir-320c-1,AAAAAUGAGGCCUUCUCUUCCCAGUUCUUCCCAGAGUCAGGAAAAGCUGGGUUGAGAGGGUAGAAAAAAAAU
hsa-mir-320c-2,GCAUGACAGGCCUUCUCUUUCCAGUUCUUCCCAGAAUUGGGAAAAGCUGGGUUGAGAGGGUAAGAAAAGAAA
hsa-mir-320d-1,AAAAUGUUGGCCUUCUCGUCCCAGUUCUUCCCAAAGUUGAGAAAAGCUGGGUUGAGAGGAUGAAAAGAAAAA
hsa-mir-320d-2,UAUCAAUAAGCCUUCUCUUCCCAGUUCUUCUUGGAGUCAGGAAAAGCUGGGUUGAGAGGAGCAGAAAAGAAA
hsa-mir-320e,CUCCAUGGGGCCUUCUCUUCCCAGUUCUUCCUGGAGUCGGGGAAAAGCUGGGUUGAGAAGGUGAAAAGAAAAA
hsa-mir-323a,UUGGUACUUGGAGAGAGGUGGUCCGUGGCGCGUUCGCUUUAUUUAUGGCGCACAUUACACGGUCGACCUCUUUGCAGUAUCUAAUC
hsa-mir-323b,UGGUACUCGGAGGGAGGUUGUCCGUGGUGAGUUCGCAUUAUUUAAUGAUGCCCAAUACACGGUCGACCUCUUUUCGGUAUCA
hsa-mir-324,CUGACUAUGCCUCCCCGCAUCCCCUAGGGCAUUGGUGUAAAGCUGGAGACCCACUGCCCCAGGUGCUGCUGGGGGUUGUAGUC
hsa-mir-325,AUACAGUGCUUGGUUCCUAGUAGGUGUCCAGUAAGUGUUUGUGACAUAAUUUGUUUAUUGAGGACCUCCUAUCAAUCAAGCACUGUGCUAGGCUCUGG
hsa-mir-326,CUCAUCUGUCUGUUGGGCUGGAGGCAGGGCCUUUGUGAAGGCGGGUGGUGCUCAGAUCGCCUCUGGGCCCUUCCUCCAGCCCCGAGGCGGAUUCA
hsa-mir-328,UGGAGUGGGGGGGCAGGAGGGGCUCAGGGAGAAAGUGCAUACAGCCCCUGGCCCUCUCUGCCCUUCCGUCCCCUG
hsa-mir-329-1,GGUACCUGAAGAGAGGUUUUCUGGGUUUCUGUUUCUUUAAUGAGGACGAAACACACCUGGUUAACCUCUUUUCCAGUAUC
hsa-mir-329-2,GUGGUACCUGAAGAGAGGUUUUCUGGGUUUCUGUUUCUUUAUUGAGGACGAAACACACCUGGUUAACCUCUUUUCCAGUAUCAA
hsa-mir-33a,CUGUGGUGCAUUGUAGUUGCAUUGCAUGUUCUGGUGGUACCCAUGCAAUGUUUCCACAGUGCAUCACAG
hsa-mir-330,CUUUGGCGAUCACUGCCUCUCUGGGCCUGUGUCUUAGGCUCUGCAAGAUCAACCGAGCAAAGCACACGGCCUGCAGAGAGGCAGCGCUCUGCCC
hsa-mir-331,GAGUUUGGUUUUGUUUGGGUUUGUUCUAGGUAUGGUCCCAGGGAUCCCAGAUCAAACCAGGCCCCUGGGCCUAUCCUAGAACCAACCUAAGCUC
hsa-mir-335,UGUUUUGAGCGGGGGUCAAGAGCAAUAACGAAAAAUGUUUGUCAUAAACCGUUUUUCAUUAUUGCUCCUGACCUCCUCUCAUUUGCUAUAUUCA
hsa-mir-337,GUAGUCAGUAGUUGGGGGGUGGGAACGGCUUCAUACAGGAGUUGAUGCACAGUUAUCCAGCUCCUAUAUGAUGCCUUUCUUCAUCCCCUUCAA
hsa-mir-338,UCUCCAACAAUAUCCUGGUGCUGAGUGAUGACUCAGGCGACUCCAGCAUCAGUGAUUUUGUUGAAGA
hsa-mir-339,CGGGGCGGCCGCUCUCCCUGUCCUCCAGGAGCUCACGUGUGCCUGCCUGUGAGCGCCUCGACGACAGAGCCGGCGCCUGCCCCAGUGUCUGCGC
hsa-mir-33b,GCGGGCGGCCCCGCGGUGCAUUGCUGUUGCAUUGCACGUGUGUGAGGCGGGUGCAGUGCCUCGGCAGUGCAGCCCGGAGCCGGCCCCUGGCACCAC
hsa-mir-34a,GGCCAGCUGUGAGUGUUUCUUUGGCAGUGUCUUAGCUGGUUGUUGUGAGCAAUAGUAAGGAAGCAAUCAGCAAGUAUACUGCCCUAGAAGUGCUGCACGUUGUGGGGCCC
hsa-mir-340,UUGUACCUGGUGUGAUUAUAAAGCAAUGAGACUGAUUGUCAUAUGUCGUUUGUGGGAUCCGUCUCAGUUACUUUAUAGCCAUACCUGGUAUCUUA
hsa-mir-342,GAAACUGGGCUCAAGGUGAGGGGUGCUAUCUGUGAUUGAGGGACAUGGUUAAUGGAAUUGUCUCACACAGAAAUCGCACCCGUCACCUUGGCCUACUUA
hsa-mir-345,ACCCAAACCCUAGGUCUGCUGACUCCUAGUCCAGGGCUCGUGAUGGCUGGUGGGCCCUGAACGAGGGGUCUGGAGGCCUGGGUUUGAAUAUCGACAGC
hsa-mir-346,GGUCUCUGUGUUGGGCGUCUGUCUGCCCGCAUGCCUGCCUCUCUGUUGCUCUGAAGGAGGCAGGGGCUGGGCCUGCAGCUGCCUGGGCAGAGCGG
hsa-mir-34b,GUGCUCGGUUUGUAGGCAGUGUCAUUAGCUGAUUGUACUGUGGUGGUUACAAUCACUAACUCCACUGCCAUCAAAACAAGGCAC
hsa-mir-34c,AGUCUAGUUACUAGGCAGUGUAGUUAGCUGAUUGCUAAUAGUACCAAUCACUAACCACACGGCCAGGUAAAAAGAUU
hsa-mir-361,GGAGCUUAUCAGAAUCUCCAGGGGUACUUUAUAAUUUCAAAAAGUCCCCCAGGUGUGAUUCUGAUUUGCUUC
hsa-mir-362,CUUGAAUCCUUGGAACCUAGGUGUGAGUGCUAUUUCAGUGCAACACACCUAUUCAAGGAUUCAAA
hsa-mir-363,UGUUGUCGGGUGGAUCACGAUGCAAUUUUGAUGAGUAUCAUAGGAGAAAAAUUGCACGGUAUCCAUCUGUAAACC
hsa-mir-365a,ACCGCAGGGAAAAUGAGGGACUUUUGGGGGCAGAUGUGUUUCCAUUCCACUAUCAUAAUGCCCCUAAAAAUCCUUAUUGCUCUUGCA
hsa-mir-367,CCAUUACUGUUGCUAAUAUGCAACUCUGUUGAAUAUAAAUUGGAAUUGCACUUUAGCAAUGGUGAUGG
hsa-mir-369,UUGAAGGGAGAUCGACCGUGUUAUAUUCGCUUUAUUGACUUCGAAUAAUACAUGGUUGAUCUUUUCUCAG
hsa-mir-370,AGACAGAGAAGCCAGGUCACGUCUCUGCAGUUACACAGCUCACGAGUGCCUGCUGGGGUGGAACCUGGUCUGUCU
hsa-mir-371a,GUGGCACUCAAACUGUGGGGGCACUUUCUGCUCUCUGGUGAAAGUGCCGCCAUCUUUUGAGUGUUAC
hsa-mir-372,GUGGGCCUCAAAUGUGGAGCACUAUUCUGAUGUCCAAGUGGAAAGUGCUGCGACAUUUGAGCGUCAC
hsa-mir-373,GGGAUACUCAAAAUGGGGGCGCUUUCCUUUUUGUCUGUACUGGGAAGUGCUUCGAUUUUGGGGUGUCCC
hsa-mir-374a,UACAUCGGCCAUUAUAAUACAACCUGAUAAGUGUUAUAGCACUUAUCAGAUUGUAUUGUAAUUGUCUGUGUA
hsa-mir-374b,ACUCGGAUGGAUAUAAUACAACCUGCUAAGUGUCCUAGCACUUAGCAGGUUGUAUUAUCAUUGUCCGUGUCU
hsa-mir-375,CCCCGCGACGAGCCCCUCGCACAAACCGGACCUGAGCGUUUUGUUCGUUCGGCUCGCGUGAGGC
hsa-mir-376a-1,UAAAAGGUAGAUUCUCCUUCUAUGAGUACAUUAUUUAUGAUUAAUCAUAGAGGAAAAUCCACGUUUUC
hsa-mir-376a-2,GGUAUUUAAAAGGUAGAUUUUCCUUCUAUGGUUACGUGUUUGAUGGUUAAUCAUAGAGGAAAAUCCACGUUUUCAGUAUC
hsa-mir-376b,CAGUCCUUCUUUGGUAUUUAAAACGUGGAUAUUCCUUCUAUGUUUACGUGAUUCCUGGUUAAUCAUAGAGGAAAAUCCAUGUUUUCAGUAUCAAAUGCUG
hsa-mir-376c,AAAAGGUGGAUAUUCCUUCUAUGUUUAUGUUAUUUAUGGUUAAACAUAGAGGAAAUUCCACGUUUU
hsa-mir-377,UUGAGCAGAGGUUGCCCUUGGUGAAUUCGCUUUAUUUAUGUUGAAUCACACAAAGGCAACUUUUGUUUG
hsa-mir-378a,AGGGCUCCUGACUCCAGGUCCUGUGUGUUACCUAGAAAUAGCACUGGACUUGGAGUCAGAAGGCCU
hsa-mir-379,AGAGAUGGUAGACUAUGGAACGUAGGCGUUAUGAUUUCUGACCUAUGUAACAUGGUCCACUAACUCU
hsa-mir-380,AAGAUGGUUGACCAUAGAACAUGCGCUAUCUCUGUGUCGUAUGUAAUAUGGUCCACAUCUU
hsa-mir-381,UACUUAAAGCGAGGUUGCCCUUUGUAUAUUCGGUUUAUUGACAUGGAAUAUACAAGGGCAAGCUCUCUGUGAGUA
hsa-mir-382,UACUUGAAGAGAAGUUGUUCGUGGUGGAUUCGCUUUACUUAUGACGAAUCAUUCACGGACAACACUUUUUUCAGUA
hsa-mir-383,CUCCUCAGAUCAGAAGGUGAUUGUGGCUUUGGGUGGAUAUUAAUCAGCCACAGCACUGCCUGGUCAGAAAGAG
hsa-mir-384,UGUUAAAUCAGGAAUUUUAAACAAUUCCUAGACAAUAUGUAUAAUGUUCAUAAGUCAUUCCUAGAAAUUGUUCAUAAUGCCUGUAACA
hsa-mir-409,UGGUACUCGGGGAGAGGUUACCCGAGCAACUUUGCAUCUGGACGACGAAUGUUGCUCGGUGAACCCCUUUUCGGUAUCA
hsa-mir-410,GGUACCUGAGAAGAGGUUGUCUGUGAUGAGUUCGCUUUUAUUAAUGACGAAUAUAACACAGAUGGCCUGUUUUCAGUACC
hsa-mir-411,UGGUACUUGGAGAGAUAGUAGACCGUAUAGCGUACGCUUUAUCUGUGACGUAUGUAACACGGUCCACUAACCCUCAGUAUCAAAUCCAUCCCCGAG
hsa-mir-412,CUGGGGUACGGGGAUGGAUGGUCGACCAGUUGGAAAGUAAUUGUUUCUAAUGUACUUCACCUGGUCCACUAGCCGUCCGUAUCCGCUGCAG
hsa-mir-421,GCACAUUGUAGGCCUCAUUAAAUGUUUGUUGAAUGAAAAAAUGAAUCAUCAACAGACAUUAAUUGGGCGCCUGCUCUGUGAUCUC
hsa-mir-422a,GAGAGAAGCACUGGACUUAGGGUCAGAAGGCCUGAGUCUCUCUGCUGCAGAUGGGCUCUCUGUCCCUGAGCCAAGCUUUGUCCUCCCUGG
hsa-mir-423,AUAAAGGAAGUUAGGCUGAGGGGCAGAGAGCGAGACUUUUCUAUUUUCCAAAAGCUCGGUCUGAGGCCCCUCAGUCUUGCUUCCUAACCCGCGC
hsa-mir-424,CGAGGGGAUACAGCAGCAAUUCAUGUUUUGAAGUGUUCUAAAUGGUUCAAAACGUGAGGCGCUGCUAUACCCCCUCGUGGGGAAGGUAGAAGGUGGGG
hsa-mir-425,GAAAGCGCUUUGGAAUGACACGAUCACUCCCGUUGAGUGGGCACCCGAGAAGCCAUCGGGAAUGUCGUGUCCGCCCAGUGCUCUUUC
hsa-mir-4257,GGCUUAGAAACAGUCCCUAGGUAGGAUUUGGGGAGGAGCUAAGAAGCCCCUACAGGGCCCAGAGGUGGGGACUGAGCCUUAGUUGG
hsa-mir-429,CGCCGGCCGAUGGGCGUCUUACCAGACAUGGUUAGACCUGGCCCUCUGUCUAAUACUGUCUGGUAAAACCGUCCAUCCGCUGC
hsa-mir-4306,AAGCUGCUUAGUGUCCUUAGAGUCUCCAGAGGCAUCCCUAACCCAGAAUCUUUUGACUGUCCUCUGGAGAGAAAGGCAGUAGGUCUGUACC
hsa-mir-431,UCCUGCUUGUCCUGCGAGGUGUCUUGCAGGCCGUCAUGCAGGCCACACUGACGGUAACGUUGCAGGUCGUCUUGCAGGGCUUCUCGCAAGACGACAUCCUCAUCACCAACGACG
hsa-mir-432,UGACUCCUCCAGGUCUUGGAGUAGGUCAUUGGGUGGAUCCUCUAUUUCCUUACGUGGGCCACUGGAUGGCUCCUCCAUGUCUUGGAGUAGAUCA
hsa-mir-433,CCGGGGAGAAGUACGGUGAGCCUGUCAUUAUUCAGAGAGGCUAGAUCCUCUGUGUUGAGAAGGAUCAUGAUGGGCUCCUCGGUGUUCUCCAGG
hsa-mir-448,GCCGGGAGGUUGAACAUCCUGCAUAGUGCUGCCAGGAAAUCCCUAUUUCAUAUAAGAGGGGGCUGGCUGGUUGCAUAUGUAGGAUGUCCCAUCUCCCAGCCCACUUCGUCA
hsa-mir-449a,CUGUGUGUGAUGAGCUGGCAGUGUAUUGUUAGCUGGUUGAAUAUGUGAAUGGCAUCGGCUAACAUGCAACUGCUGUCUUAUUGCAUAUACA
hsa-mir-449b,UGACCUGAAUCAGGUAGGCAGUGUAUUGUUAGCUGGCUGCUUGGGUCAAGUCAGCAGCCACAACUACCCUGCCACUUGCUUCUGGAUAAAUUCUUCU
hsa-mir-449c,GCUGGGAUGUGUCAGGUAGGCAGUGUAUUGCUAGCGGCUGUUAAUGAUUUUAACAGUUGCUAGUUGCACUCCUCUCUGUUGCAUUCAGAAGC
hsa-mir-450a-1,AAACGAUACUAAACUGUUUUUGCGAUGUGUUCCUAAUAUGCACUAUAAAUAUAUUGGGAACAUUUUGCAUGUAUAGUUUUGUAUCAAUAUA
hsa-mir-450a-2,CCAAAGAAAGAUGCUAAACUAUUUUUGCGAUGUGUUCCUAAUAUGUAAUAUAAAUGUAUUGGGGACAUUUUGCAUUCAUAGUUUUGUAUCAAUAAUAUGG
hsa-mir-450b,GCAGAAUUAUUUUUGCAAUAUGUUCCUGAAUAUGUAAUAUAAGUGUAUUGGGAUCAUUUUGCAUCCAUAGUUUUGUAU
hsa-mir-451a,CUUGGGAAUGGCAAGGAAACCGUUACCAUUACUGAGUUUAGUAAUGGUAAUGGUUCUCUUGCUAUACCCAGA
hsa-mir-452,GCUAAGCACUUACAACUGUUUGCAGAGGAAACUGAGACUUUGUAACUAUGUCUCAGUCUCAUCUGCAAAGAAGUAAGUGCUUUGC
hsa-mir-454,UCUGUUUAUCACCAGAUCCUAGAACCCUAUCAAUAUUGUCUCUGCUGUGUAAAUAGUUCUGAGUAGUGCAAUAUUGCUUAUAGGGUUUUGGUGUUUGGAAAGAACAAUGGGCAGG
hsa-mir-455,UCCCUGGCGUGAGGGUAUGUGCCUUUGGACUACAUCGUGGAAGCCAGCACCAUGCAGUCCAUGGGCAUAUACACUUGCCUCAAGGCCUAUGUCAUC
hsa-mir-4792,GCAGCCCGGUGAGCGCUCGCUGGCCUGGCAGUGCGUCGGAAGAACAGGGCGGGUGGGGCCGCGCACAUCUCUGC
hsa-mir-483,GAGGGGGAAGACGGGAGGAAAGAAGGGAGUGGUUCCAUCACGCCUCCUCACUCCUCUCCUCCCGUCUUCUCCUCUC
hsa-mir-484,AGCCUCGUCAGGCUCAGUCCCCUCCCGAUAAACCCCUAAAUAGGGACUUUCCCGGGGGGUGACCCUGGCUUUUUUGGCG
hsa-mir-485,ACUUGGAGAGAGGCUGGCCGUGAUGAAUUCGAUUCAUCAAAGCGAGUCAUACACGGCUCUCCUCUCUUUUAGU
hsa-mir-486,GCAUCCUGUACUGAGCUGCCCCGAGGCCCUUCAUGCUGCCCAGCUCGGGGCAGCUCAGUACAGGAUAC
hsa-mir-487a,GGUACUUGAAGAGUGGUUAUCCCUGCUGUGUUCGCUUAAUUUAUGACGAAUCAUACAGGGACAUCCAGUUUUUCAGUAUC
hsa-mir-487b,UUGGUACUUGGAGAGUGGUUAUCCCUGUCCUGUUCGUUUUGCUCAUGUCGAAUCGUACAGGGUCAUCCACUUUUUCAGUAUCAA
hsa-mir-488,GAGAAUCAUCUCUCCCAGAUAAUGGCACUCUCAAACAAGUUUCCAAAUUGUUUGAAAGGCUAUUUCUUGGUCAGAUGACUCUC
hsa-mir-489,GUGGCAGCUUGGUGGUCGUAUGUGUGACGCCAUUUACUUGAACCUUUAGGAGUGACAUCACAUAUACGGCAGCUAAACUGCUAC
hsa-mir-490,UGGAGGCCUUGCUGGUUUGGAAAGUUCAUUGUUCGACACCAUGGAUCUCCAGGUGGGUCAAGUUUAGAGAUGCACCAACCUGGAGGACUCCAUGCUGUUGAGCUGUUCACAAGCAGCGGACACUUCCA
hsa-mir-491,UUGACUUAGCUGGGUAGUGGGGAACCCUUCCAUGAGGAGUAGAACACUCCUUAUGCAAGAUUCCCUUCUACCUGGCUGGGUUGG
hsa-mir-492,CAACUACAGCCACUACUACAGGACCAUCGAGGACCUGCGGGACAAGAUUCUUGGUGCCACCAUUGAGAACGCCAGGAUUGUCCUGCAGAUCAACAAUGCUCAACUGGCUGCAGAUG
hsa-mir-493,CUGGCCUCCAGGGCUUUGUACAUGGUAGGCUUUCAUUCAUUCGUUUGCACAUUCGGUGAAGGUCUACUGUGUGCCAGGCCCUGUGCCAG
hsa-mir-494,GAUACUCGAAGGAGAGGUUGUCCGUGUUGUCUUCUCUUUAUUUAUGAUGAAACAUACACGGGAAACCUCUUUUUUAGUAUC
hsa-mir-495,UGGUACCUGAAAAGAAGUUGCCCAUGUUAUUUUCGCUUUAUAUGUGACGAAACAAACAUGGUGCACUUCUUUUUCGGUAUCA
hsa-mir-496,CCCAAGUCAGGUACUCGAAUGGAGGUUGUCCAUGGUGUGUUCAUUUUAUUUAUGAUGAGUAUUACAUGGCCAAUCUCCUUUCGGUACUCAAUUCUUCUUGGG
hsa-mir-497,CCACCCCGGUCCUGCUCCCGCCCCAGCAGCACACUGUGGUUUGUACGGCACUGUGGCCACGUCCAAACCACACUGUGGUGUUAGAGCGAGGGUGGGGGAGGCACCGCCGAGG
hsa-mir-498,AACCCUCCUUGGGAAGUGAAGCUCAGGCUGUGAUUUCAAGCCAGGGGGCGUUUUUCUAUAACUGGAUGAAAAGCACCUCCAGAGCUUGAAGCUCACAGUUUGAGAGCAAUCGUCUAAGGAAGUU
hsa-mir-499a,GCCCUGUCCCCUGUGCCUUGGGCGGGCGGCUGUUAAGACUUGCAGUGAUGUUUAACUCCUCUCCACGUGAACAUCACAGCAAGUCUGUGCUGCUUCCCGUCCCUACGCUGCCUGGGCAGGGU
hsa-mir-500a,GCUCCCCCUCUCUAAUCCUUGCUACCUGGGUGAGAGUGCUGUCUGAAUGCAAUGCACCUGGGCAAGGAUUCUGAGAGCGAGAGC
hsa-mir-501,GCUCUUCCUCUCUAAUCCUUUGUCCCUGGGUGAGAGUGCUUUCUGAAUGCAAUGCACCCGGGCAAGGAUUCUGAGAGGGUGAGC
hsa-mir-502,UGCUCCCCCUCUCUAAUCCUUGCUAUCUGGGUGCUAGUGCUGGCUCAAUGCAAUGCACCUGGGCAAGGAUUCAGAGAGGGGGAGCU
hsa-mir-503,UGCCCUAGCAGCGGGAACAGUUCUGCAGUGAGCGAUCGGUGCUCUGGGGUAUUGUUUCCGCUGCCAGGGUA
hsa-mir-504,GCUGCUGUUGGGAGACCCUGGUCUGCACUCUAUCUGUAUUCUUACUGAAGGGAGUGCAGGGCAGGGUUUCCCAUACAGAGGGC
hsa-mir-505,GAUGCACCCAGUGGGGGAGCCAGGAAGUAUUGAUGUUUCUGCCAGUUUAGCGUCAACACUUGCUGGUUUCCUCUCUGGAGCAUC
hsa-mir-506,GCCACCACCAUCAGCCAUACUAUGUGUAGUGCCUUAUUCAGGAAGGUGUUACUUAAUAGAUUAAUAUUUGUAAGGCACCCUUCUGAGUAGAGUAAUGUGCAACAUGGACAACAUUUGUGGUGGC
hsa-mir-507,GUGCUGUGUGUAGUGCUUCACUUCAAGAAGUGCCAUGCAUGUGUCUAGAAAUAUGUUUUGCACCUUUUGGAGUGAAAUAAUGCACAACAGAUAC
hsa-mir-508,CCACCUUCAGCUGAGUGUAGUGCCCUACUCCAGAGGGCGUCACUCAUGUAAACUAAAACAUGAUUGUAGCCUUUUGGAGUAGAGUAAUACACAUCACGUAACGCAUAUUUGGUGG
hsa-mir-509-1,CAUGCUGUGUGUGGUACCCUACUGCAGACAGUGGCAAUCAUGUAUAAUUAAAAAUGAUUGGUACGUCUGUGGGUAGAGUACUGCAUGACACAUG
hsa-mir-510,GUGGUGUCCUACUCAGGAGAGUGGCAAUCACAUGUAAUUAGGUGUGAUUGAAACCUCUAAGAGUGGAGUAACAC
hsa-mir-511-1,CAAUAGACACCCAUCGUGUCUUUUGCUCUGCAGUCAGUAAAUAUUUUUUUGUGAAUGUGUAGCAAAAGACAGAAUGGUGGUCCAUUG
hsa-mir-511-2,AAUGUGUAGCAAAAGACAGA
hsa-mir-512-1,UCUCAGUCUGUGGCACUCAGCCUUGAGGGCACUUUCUGGUGCCAGAAUGAAAGUGCUGUCAUAGCUGAGGUCCAAUGACUGAGG
hsa-mir-512-2,GGUACUUCUCAGUCUGUGGCACUCAGCCUUGAGGGCACUUUCUGGUGCCAGAAUGAAAGUGCUGUCAUAGCUGAGGUCCAAUGACUGAGGCGAGCACC
hsa-mir-513a-1,GGGAUGCCACAUUCAGCCAUUCAGCGUACAGUGCCUUUCACAGGGAGGUGUCAUUUAUGUGAACUAAAAUAUAAAUUUCACCUUUCUGAGAAGGGUAAUGUACAGCAUGCACUGCAUAUGUGGUGUCCC
hsa-mir-513a-2,GGAUGCCACAUUCAGCCAUUCAGUGUGCAGUGCCUUUCACAGGGAGGUGUCAUUUAUGUGAACUAAAAUAUAAAUUUCACCUUUCUGAGAAGGGUAAUGUACAGCAUGCACUGCAUAUGUGGUGUCC
hsa-mir-513b,GUGUACAGUGCCUUUCACAAGGAGGUGUCAUUUAUGUGAACUAAAAUAUAAAUGUCACCUUUUUGAGAGGAGUAAUGUACAGCA
hsa-mir-513c,GCGUACAGUGCCUUUCUCAAGGAGGUGUCGUUUAUGUGAACUAAAAUAUAAAUUUCACCUUUCUGAGAAGAGUAAUGUACAGCA
hsa-mir-514a-1,AACAUGUUGUCUGUGGUACCCUACUCUGGAGAGUGACAAUCAUGUAUAAUUAAAUUUGAUUGACACUUCUGUGAGUAGAGUAACGCAUGACACGUACG
hsa-mir-514a-2,GUUGUCUGUGGUACCCUACUCUGGAGAGUGACAAUCAUGUAUAACUAAAUUUGAUUGACACUUCUGUGAGUAGAGUAACGCAUGACAC
hsa-mir-515-1,UCUCAUGCAGUCAUUCUCCAAAAGAAAGCACUUUCUGUUGUCUGAAAGCAGAGUGCCUUCUUUUGGAGCGUUACUGUUUGAGA
hsa-mir-515-2,UCUCAUGCAGUCAUUCUCCAAAAGAAAGCACUUUCUGUUGUCUGAAAGCAGAGUGCCUUCUUUUGGAGCGUUACUGUUUGAGA
hsa-mir-516a-1,UCUCAGGCUGUGACCUUCUCGAGGAAAGAAGCACUUUCUGUUGUCUGAAAGAAAAGAAAGUGCUUCCUUUCAGAGGGUUACGGUUUGAGA
hsa-mir-516a-2,UCUCAGGUUGUGACCUUCUCGAGGAAAGAAGCACUUUCUGUUGUCUGAAAGAAAAGAAAGUGCUUCCUUUCAGAGGGUUACGGUUUGAGA
hsa-mir-516b-1,UCUCAGGCUGUGACCAUCUGGAGGUAAGAAGCACUUUCUGUUUUGUGAAAGAAAAGAAAGUGCUUCCUUUCAGAGGGUUACUCUUUGAGA
hsa-mir-516b-2,UCUCAUGAUGUGACCAUCUGGAGGUAAGAAGCACUUUGUGUUUUGUGAAAGAAAGUGCUUCCUUUCAGAGGGUUACUCUUUGAGA
hsa-mir-517a,UCUCAGGCAGUGACCCUCUAGAUGGAAGCACUGUCUGUUGUAUAAAAGAAAAGAUCGUGCAUCCCUUUAGAGUGUUACUGUUUGAGA
hsa-mir-517b,GUGACCCUCUAGAUGGAAGCACUGUCUGUUGUCUAAGAAAAGAUCGUGCAUCCCUUUAGAGUGUUAC
hsa-mir-517c,GAAGAUCUCAGGCAGUGACCCUCUAGAUGGAAGCACUGUCUGUUGUCUAAGAAAAGAUCGUGCAUCCUUUUAGAGUGUUACUGUUUGAGAAAAUC
hsa-mir-518a-1,UCUCAAGCUGUGACUGCAAAGGGAAGCCCUUUCUGUUGUCUGAAAGAAGAGAAAGCGCUUCCCUUUGCUGGAUUACGGUUUGAGA
hsa-mir-518a-2,UCUCAAGCUGUGGGUCUGCAAAGGGAAGCCCUUUCUGUUGUCUAAAAGAAGAGAAAGCGCUUCCCUUUGCUGGAUUACGGUUUGAGA
hsa-mir-518c,GCGAGAAGAUCUCAUGCUGUGACUCUCUGGAGGGAAGCACUUUCUGUUGUCUGAAAGAAAACAAAGCGCUUCUCUUUAGAGUGUUACGGUUUGAGAAAAGC
hsa-mir-518d,UCCCAUGCUGUGACCCUCUAGAGGGAAGCACUUUCUGUUGUCUGAAAGAAACCAAAGCGCUUCCCUUUGGAGCGUUACGGUUUGAGA
hsa-mir-518e,UCUCAGGCUGUGACCCUCUAGAGGGAAGCGCUUUCUGUUGGCUAAAAGAAAAGAAAGCGCUUCCCUUCAGAGUGUUAACGCUUUGAGA
hsa-mir-518f,UCUCAUGCUGUGACCCUCUAGAGGGAAGCACUUUCUCUUGUCUAAAAGAAAAGAAAGCGCUUCUCUUUAGAGGAUUACUCUUUGAGA
hsa-mir-519a-1,CUCAGGCUGUGACACUCUAGAGGGAAGCGCUUUCUGUUGUCUGAAAGAAAGGAAAGUGCAUCCUUUUAGAGUGUUACUGUUUGAG
hsa-mir-519a-2,UCUCAGGCUGUGUCCCUCUACAGGGAAGCGCUUUCUGUUGUCUGAAAGAAAGGAAAGUGCAUCCUUUUAGAGUGUUACUGUUUGAGA
hsa-mir-519b,CAUGCUGUGACCCUCUAGAGGGAAGCGCUUUCUGUUGUCUGAAAGAAAAGAAAGUGCAUCCUUUUAGAGGUUUACUGUUUG
hsa-mir-519c,UCUCAGCCUGUGACCCUCUAGAGGGAAGCGCUUUCUGUUGUCUGAAAGAAAAGAAAGUGCAUCUUUUUAGAGGAUUACAGUUUGAGA
hsa-mir-519d,UCCCAUGCUGUGACCCUCCAAAGGGAAGCGCUUUCUGUUUGUUUUCUCUUAAACAAAGUGCCUCCCUUUAGAGUGUUACCGUUUGGGA
hsa-mir-519e,UCUCAUGCAGUCAUUCUCCAAAAGGGAGCACUUUCUGUUUGAAAGAAAACAAAGUGCCUCCUUUUAGAGUGUUACUGUUUGAGA
hsa-mir-520a,CUCAGGCUGUGACCCUCCAGAGGGAAGUACUUUCUGUUGUCUGAGAGAAAAGAAAGUGCUUCCCUUUGGACUGUUUCGGUUUGAG
hsa-mir-520b,CCCUCUACAGGGAAGCGCUUUCUGUUGUCUGAAAGAAAAGAAAGUGCUUCCUUUUAGAGGG
hsa-mir-520c,UCUCAGGCUGUCGUCCUCUAGAGGGAAGCACUUUCUGUUGUCUGAAAGAAAAGAAAGUGCUUCCUUUUAGAGGGUUACCGUUUGAGA
hsa-mir-520d,UCUCAAGCUGUGAGUCUACAAAGGGAAGCCCUUUCUGUUGUCUAAAAGAAAAGAAAGUGCUUCUCUUUGGUGGGUUACGGUUUGAGA
hsa-mir-520e,UCUCCUGCUGUGACCCUCAAGAUGGAAGCAGUUUCUGUUGUCUGAAAGGAAAGAAAGUGCUUCCUUUUUGAGGGUUACUGUUUGAGA
hsa-mir-520f,UCUCAGGCUGUGACCCUCUAAAGGGAAGCGCUUUCUGUGGUCAGAAAGAAAAGCAAGUGCUUCCUUUUAGAGGGUUACCGUUUGGGA
hsa-mir-520g,UCCCAUGCUGUGACCCUCUAGAGGAAGCACUUUCUGUUUGUUGUCUGAGAAAAAACAAAGUGCUUCCCUUUAGAGUGUUACCGUUUGGGA
hsa-mir-520h,UCCCAUGCUGUGACCCUCUAGAGGAAGCACUUUCUGUUUGUUGUCUGAGAAAAAACAAAGUGCUUCCCUUUAGAGUUACUGUUUGGGA
hsa-mir-521-1,UCUCAGGCUGUGACCCUCCAAAGGGAAGAACUUUCUGUUGUCUAAAAGAAAAGAACGCACUUCCCUUUAGAGUGUUACCGUGUGAGA
hsa-mir-521-2,UCUCGGGCUGUGACUCUCCAAAGGGAAGAAUUUUCUCUUGUCUAAAAGAAAAGAACGCACUUCCCUUUAGAGUGUUACCGUGUGAGA
hsa-mir-522,UCUCAGGCUGUGUCCCUCUAGAGGGAAGCGCUUUCUGUUGUCUGAAAGAAAAGAAAAUGGUUCCCUUUAGAGUGUUACGCUUUGAGA
hsa-mir-524,UCUCAUGCUGUGACCCUACAAAGGGAAGCACUUUCUCUUGUCCAAAGGAAAAGAAGGCGCUUCCCUUUGGAGUGUUACGGUUUGAGA
hsa-mir-525,CUCAAGCUGUGACUCUCCAGAGGGAUGCACUUUCUCUUAUGUGAAAAAAAAGAAGGCGCUUCCCUUUAGAGCGUUACGGUUUGGG
hsa-mir-526a-1,CUCAGGCUGUGACCCUCUAGAGGGAAGCACUUUCUGUUGCUUGAAAGAAGAGAAAGCGCUUCCUUUUAGAGGAUUACUCUUUGAG
hsa-mir-526a-2,GUGACCCUCUAGAGGGAAGCACUUUCUGUUGAAAGAAAAGAACAUGCAUCCUUUCAGAGGGUUAC
hsa-mir-526b,UCAGGCUGUGACCCUCUUGAGGGAAGCACUUUCUGUUGUCUGAAAGAAGAGAAAGUGCUUCCUUUUAGAGGCUUACUGUCUGA
hsa-mir-527,UCUCAAGCUGUGACUGCAAAGGGAAGCCCUUUCUGUUGUCUAAAAGAAAAGAAAGUGCUUCCCUUUGGUGAAUUACGGUUUGAGA
hsa-mir-532,CGACUUGCUUUCUCUCCUCCAUGCCUUGAGUGUAGGACCGUUGGCAUCUUAAUUACCCUCCCACACCCAAGGCUUGCAGAAGAGCGAGCCU
hsa-mir-539,AUACUUGAGGAGAAAUUAUCCUUGGUGUGUUCGCUUUAUUUAUGAUGAAUCAUACAAGGACAAUUUCUUUUUGAGUAU
hsa-mir-542,CAGAUCUCAGACAUCUCGGGGAUCAUCAUGUCACGAGAUACCAGUGUGCACUUGUGACAGAUUGAUAACUGAAAGGUCUGGGAGCCACUCAUCUUCA
hsa-mir-543,UACUUAAUGAGAAGUUGCCCGUGUUUUUUUCGCUUUAUUUGUGACGAAACAUUCGCGGUGCACUUCUUUUUCAGUAUC
hsa-mir-544a,AUUUUCAUCACCUAGGGAUCUUGUUAAAAAGCAGAUUCUGAUUCAGGGACCAAGAUUCUGCAUUUUUAGCAAGUUCUCAAGUGAUGCUAAU
hsa-mir-544b,GGAAUUUUGUUAAAAUGCAGAAUCCAUUUCUGUAGCUCUGAGACUAGACCUGAGGUUGUGCAUUUCUAACAAAGUGCC
hsa-mir-545,CCCAGCCUGGCACAUUAGUAGGCCUCAGUAAAUGUUUAUUAGAUGAAUAAAUGAAUGACUCAUCAGCAAACAUUUAUUGUGUGCCUGCUAAAGUGAGCUCCACAGG
hsa-mir-548a-1,UGCAGGGAGGUAUUAAGUUGGUGCAAAAGUAAUUGUGAUUUUUGCCAUUAAAAGUAACGACAAAACUGGCAAUUACUUUUGCACCAAACCUGGUAUU
hsa-mir-548a-2,UGUGAUGUGUAUUAGGUUUGUGCAAAAGUAAUUGGGGUUUUUUGCCGUUAAAAGUAAUGGCAAAACUGGCAAUUACUUUUGCACCAAACUAAUAUAA
hsa-mir-548a-3,CCUAGAAUGUUAUUAGGUCGGUGCAAAAGUAAUUGCGAGUUUUACCAUUACUUUCAAUGGCAAAACUGGCAAUUACUUUUGCACCAACGUAAUACUU
hsa-mir-548b,CAGACUAUAUAUUUAGGUUGGCGCAAAAGUAAUUGUGGUUUUGGCCUUUAUUUUCAAUGGCAAGAACCUCAGUUGCUUUUGUGCCAACCUAAUACUU
hsa-mir-548c,CAUUGGCAUCUAUUAGGUUGGUGCAAAAGUAAUUGCGGUUUUUGCCAUUACUUUCAGUAGCAAAAAUCUCAAUUACUUUUGCACCAACUUAAUACUU
hsa-mir-548d-1,AAACAAGUUAUAUUAGGUUGGUGCAAAAGUAAUUGUGGUUUUUGCCUGUAAAAGUAAUGGCAAAAACCACAGUUUCUUUUGCACCAGACUAAUAAAG
hsa-mir-548d-2,GAGAGGGAAGAUUUAGGUUGGUGCAAAAGUAAUUGUGGUUUUUGCCAUUGAAAGUAAUGGCAAAAACCACAGUUUCUUUUGCACCAACCUAAUAAAA
hsa-mir-548o,UGGUGAAAAUGUGUUGAUUGUAAUGGUUCCUAUUCUGAUCAAUAAACAUGGUUUGAGCCUAGUUACAAUGAUCUAAAAUUCACGGUCCAAAACUGCAGUUACUUUUGCACCAAC
hsa-mir-550a-1,UGAUGCUUUGCUGGCUGGUGCAGUGCCUGAGGGAGUAAGAGCCCUGUUGUUGUAAGAUAGUGUCUUACUCCCUCAGGCACAUCUCCAACAAGUCUCU
hsa-mir-550a-2,UGAUGCUUUGCUGGCUGGUGCAGUGCCUGAGGGAGUAAGAGCCCUGUUGUUGUCAGAUAGUGUCUUACUCCCUCAGGCACAUCUCCAGCGAGUCUCU
hsa-mir-551a,GGGGACUGCCGGGUGACCCUGGAAAUCCAGAGUGGGUGGGGCCAGUCUGACCGUUUCUAGGCGACCCACUCUUGGUUUCCAGGGUUGCCCUGGAAA
hsa-mir-552,AACCAUUCAAAUAUACCACAGUUUGUUUAACCUUUUGCCUGUUGGUUGAAGAUGCCUUUCAACAGGUGACUGGUUAGACAAACUGUGGUAUAUACA
hsa-mir-557,AGAAUGGGCAAAUGAACAGUAAAUUUGGAGGCCUGGGGCCCUCCCUGCUGCUGGAGAAGUGUUUGCACGGGUGGGCCUUGUCUUUGAAAGGAGGUGGA
hsa-mir-561,CUUCAUCCACCAGUCCUCCAGGAACAUCAAGGAUCUUAAACUUUGCCAGAGCUACAAAGGCAAAGUUUAAGAUCCUUGAAGUUCCUGGGGGAACCAU
hsa-mir-663a,CCUUCCGGCGUCCCAGGCGGGGCGCCGCGGGACCGCCCUCGUGUCUGUGGCGGUGGGAUCCCGCGGCCGUGUUUUCCUGGUGGCCCGGCCAUG
hsa-mir-564,CGGGCAGCGGGUGCCAGGCACGGUGUCAGCAGGCAACAUGGCCGAGAGGCCGGGGCCUCCGGGCGGCGCCGUGUCCGCGACCGCGUACCCUGAC
hsa-mir-566,GCUAGGCGUGGUGGCGGGCGCCUGUGAUCCCAACUACUCAGGAGGCUGGGGCAGCAGAAUCGCUUGAACCCGGGAGGCGAAGGUUGCAGUGAGC
hsa-mir-567,GGAUUCUUAUAGGACAGUAUGUUCUUCCAGGACAGAACAUUCUUUGCUAUUUUGUACUGGAAGAACAUGCAAAACUAAAAAAAAAAAAAGUUAUUGCU
hsa-mir-569,GGUAUUGUUAGAUUAAUUUUGUGGGACAUUAACAACAGCAUCAGAAGCAACAUCAGCUUUAGUUAAUGAAUCCUGGAAAGUUAAGUGACUUUAUUU
hsa-mir-570,CUAGAUAAGUUAUUAGGUGGGUGCAAAGGUAAUUGCAGUUUUUCCCAUUAUUUUAAUUGCGAAAACAGCAAUUACCUUUGCACCAACCUGAUGGAGU
hsa-mir-571,CCUCAGUAAGACCAAGCUCAGUGUGCCAUUUCCUUGUCUGUAGCCAUGUCUAUGGGCUCUUGAGUUGGCCAUCUGAGUGAGGGCCUGCUUAUUCUA
hsa-mir-572,GUCGAGGCCGUGGCCCGGAAGUGGUCGGGGCCGCUGCGGGCGGAAGGGCGCCUGUGCUUCGUCCGCUCGGCGGUGGCCCAGCCAGGCCCGCGGGA
hsa-mir-574,GGGACCUGCGUGGGUGCGGGCGUGUGAGUGUGUGUGUGUGAGUGUGUGUCGCUCCGGGUCCACGCUCAUGCACACACCCACACGCCCACACUCAGG
hsa-mir-575,AAUUCAGCCCUGCCACUGGCUUAUGUCAUGACCUUGGGCUACUCAGGCUGUCUGCACAAUGAGCCAGUUGGACAGGAGCAGUGCCACUCAACUC
hsa-mir-576,UACAAUCCAACGAGGAUUCUAAUUUCUCCACGUCUUUGGUAAUAAGGUUUGGCAAAGAUGUGGAAAAAUUGGAAUCCUCAUUCGAUUGGUUAUAACCA
hsa-mir-577,UGGGGGAGUGAAGAGUAGAUAAAAUAUUGGUACCUGAUGAAUCUGAGGCCAGGUUUCAAUACUUUAUCUGCUCUUCAUUUCCCCAUAUCUACUUAC
hsa-mir-582,AUCUGUGCUCUUUGAUUACAGUUGUUCAACCAGUUACUAAUCUAACUAAUUGUAACUGGUUGAACAACUGAACCCAAAGGGUGCAAAGUAGAAACAUU
hsa-mir-583,AACUCACACAUUAACCAAAGAGGAAGGUCCCAUUACUGCAGGGAUCUUAGCAGUACUGGGACCUACCUCUUUGGU
hsa-mir-584,UAGGGUGACCAGCCAUUAUGGUUUGCCUGGGACUGAGGAAUUUGCUGGGAUAUGUCAGUUCCAGGCCAACCAGGCUGGUUGGUCUCCCUGAAGCAAC
hsa-mir-589,UCCAGCCUGUGCCCAGCAGCCCCUGAGAACCACGUCUGCUCUGAGCUGGGUACUGCCUGUUCAGAACAAAUGCCGGUUCCCAGACGCUGCCAGCUGGCC
hsa-mir-590,UAGCCAGUCAGAAAUGAGCUUAUUCAUAAAAGUGCAGUAUGGUGAAGUCAAUCUGUAAUUUUAUGUAUAAGCUAGUCUCUGAUUGAAACAUGCAGCA
hsa-mir-591,UCUUAUCAAUGAGGUAGACCAUGGGUUCUCAUUGUAAUAGUGUAGAAUGUUGGUUAACUGUGGACUCCCUGGCUCUGUCUCAAAUCUACUGAUUC
hsa-mir-592,UAUUAUGCCAUGACAUUGUGUCAAUAUGCGAUGAUGUGUUGUGAUGGCACAGCGUCAUCACGUGGUGACGCAACAUCAUGACGUAAGACGUCACAAC
hsa-mir-593,CCCCCAGAAUCUGUCAGGCACCAGCCAGGCAUUGCUCAGCCCGUUUCCCUCUGGGGGAGCAAGGAGUGGUGCUGGGUUUGUCUCUGCUGGGGUUUCUCCU
hsa-mir-595,ACGGAAGCCUGCACGCAUUUAACACCAGCACGCUCAAUGUAGUCUUGUAAGGAACAGGUUGAAGUGUGCCGUGGUGUGUCUGGAGGAAGCGCCUGU
hsa-mir-596,AGCACGGCCUCUCCGAAGCCUGCCCGGCUCCUCGGGAACCUGCCUCCCGCAUGGCAGCUGCUGCCCUUCGGAGGCCG
hsa-mir-598,GCUUGAUGAUGCUGCUGAUGCUGGCGGUGAUCCCGAUGGUGUGAGCUGGAAAUGGGGUGCUACGUCAUCGUUGUCAUCGUCAUCAUCAUCAUCCGAG
hsa-mir-599,AAAGACAUGCUGUCCACAGUGUGUUUGAUAAGCUGACAUGGGACAGGGAUUCUUUUCACUGUUGUGUCAGUUUAUCAAACCCAUACUUGGAUGAC
hsa-mir-600,AAGUCACGUGCUGUGGCUCCAGCUUCAUAGGAAGGCUCUUGUCUGUCAGGCAGUGGAGUUACUUACAGACAAGAGCCUUGCUCAGGCCAGCCCUGCCC
hsa-mir-601,UGCAUGAGUUCGUCUUGGUCUAGGAUUGUUGGAGGAGUCAGAAAAACUACCCCAGGGAUCCUGAAGUCCUUUGGGUGGA
hsa-mir-602,UUCUCACCCCCGCCUGACACGGGCGACAGCUGCGGCCCGCUGUGUUCACUCGGGCCGAGUGCGUCUCCUGUCAGGCAAGGGAGAGCAGAGCCCCCCUG
hsa-mir-603,GAUUGAUGCUGUUGGUUUGGUGCAAAAGUAAUUGCAGUGCUUCCCAUUUAAAAGUAAUGGCACACACUGCAAUUACUUUUGCUCCAACUUAAUACUU
hsa-mir-605,GCCCUAGCUUGGUUCUAAAUCCCAUGGUGCCUUCUCCUUGGGAAAAACAGAGAAGGCACUAUGAGAUUUAGAAUCAAGUUAGG
hsa-mir-608,GGGCCAAGGUGGGCCAGGGGUGGUGUUGGGACAGCUCCGUUUAAAAAGGCAUCUCCAAGAGCUUCCAUCAAAGGCUGCCUCUUGGUGCAGCACAGGUAGA
hsa-mir-610,UCUAUUUGUCUUAGGUGAGCUAAAUGUGUGCUGGGACACAUUUGAGCCAAAUGUCCCAGCACACAUUUAGCUCACAUAAGAAAAAUGGACUCUAGU
hsa-mir-611,AAAAUGGUGAGAGCGUUGAGGGGAGUUCCAGACGGAGAUGCGAGGACCCCUCGGGGUCUGACCCACA
hsa-mir-612,UCCCAUCUGGACCCUGCUGGGCAGGGCUUCUGAGCUCCUUAGCACUAGCAGGAGGGGCUCCAGGGGCCCUCCCUCCAUGGCAGCCAGGACAGGACUCUCA
hsa-mir-614,UCUAAGAAACGCAGUGGUCUCUGAAGCCUGCAGGGGCAGGCCAGCCCUGCACUGAACGCCUGUUCUUGCCAGGUGGCAGAAGGUUGCUGC
hsa-mir-615,CUCGGGAGGGGCGGGAGGGGGGUCCCCGGUGCUCGGAUCUCGAGGGUGCUUAUUGUUCGGUCCGAGCCUGGGUCUCCCUCUUCCCCCCAACCCCCC
hsa-mir-616,UUAGGUAAUUCCUCCACUCAAAACCCUUCAGUGACUUCCAUGACAUGAAAUAGGAAGUCAUUGGAGGGUUUGAGCAGAGGAAUGACCUGUUUUAAAA
hsa-mir-617,CAUCAUAAGGAGCCUAGACUUCCCAUUUGAAGGUGGCCAUUUCCUACCACCUUCAAAUGGUAAGUCCAGGCUCCUUCUGAUUCAAUAAAUGAGGAGC
hsa-mir-619,CGCCCACCUCAGCCUCCCAAAAUGCUGGGAUUACAGGCAUGAGCCACUGCGGUCGACCAUGACCUGGACAUGUUUGUGCCCAGUACUGUCAGUUUGCAG
hsa-mir-621,UAGAUUGAGGAAGGGGCUGAGUGGUAGGCGGUGCUGCUGUGCUCUGAUGAAGACCCAUGUGGCUAGCAACAGCGCUUACCUUUUGUCUCUGGGUCC
hsa-mir-622,AGAGAAGCUGGACAAGUACUGGUCUCAGCAGAUUGAGGAGAGCACCACAGUGGUCAUCACACAGUCUGCUGAGGUUGGAGCUGCUGAGAUGACACU
hsa-mir-624,AAUGCUGUUUCAAGGUAGUACCAGUACCUUGUGUUCAGUGGAACCAAGGUAAACACAAGGUAUUGGUAUUACCUUGAGAUAGCAUUACACCUAAGUG
hsa-mir-625,AGGGUAGAGGGAUGAGGGGGAAAGUUCUAUAGUCCUGUAAUUAGAUCUCAGGACUAUAGAACUUUCCCCCUCAUCCCUCUGCCCU
hsa-mir-627,UACUUAUUACUGGUAGUGAGUCUCUAAGAAAAGAGGAGGUGGUUGUUUUCCUCCUCUUUUCUUUGAGACUCACUACCAAUAAUAAGAAAUACUACUA
hsa-mir-628,AUAGCUGUUGUGUCACUUCCUCAUGCUGACAUAUUUACUAGAGGGUAAAAUUAAUAACCUUCUAGUAAGAGUGGCAGUCGAAGGGAAGGGCUCAU
hsa-mir-629,UCCCUUUCCCAGGGGAGGGGCUGGGUUUACGUUGGGAGAACUUUUACGGUGAACCAGGAGGUUCUCCCAACGUAAGCCCAGCCCCUCCCCUCUGCCU
hsa-mir-630,AACUUAACAUCAUGCUACCUCUUUGUAUCAUAUUUUGUUAUUCUGGUCACAGAAUGACCUAGUAUUCUGUACCAGGGAAGGUAGUUCUUAACUAUAU
hsa-mir-632,CGCCUCCUACCGCAGUGCUUGACGGGAGGCGGAGCGGGGAACGAGGCCGUCGGCCAUUUUGUGUCUGCUUCCUGUGGGACGUGGUGGUAGCCGU
hsa-mir-633,AACCUCUCUUAGCCUCUGUUUCUUUAUUGCGGUAGAUACUAUUAACCUAAAAUGAGAAGGCUAAUAGUAUCUACCACAAUAAAAUUGUUGUGAGGAUA
hsa-mir-634,AAACCCACACCACUGCAUUUUGGCCAUCGAGGGUUGGGGCUUGGUGUCAUGCCCCAAGAUAACCAGCACCCCAACUUUGGACAGCAUGGAUUAGUCU
hsa-mir-635,CAGAGAGGAGCUGCCACUUGGGCACUGAAACAAUGUCCAUUAGGCUUUGUUAUGGAAACUUCUCCUGAUCAUUGUUUUGUGUCCAUUGAGCUUCCAAU
hsa-mir-636,UGGCGGCCUGGGCGGGAGCGCGCGGGCGGGGCCGGCCCCGCUGCCUGGAAUUAACCCCGCUGUGCUUGCUCGUCCCGCCCGCAGCCCUAGGCGGCGUCG
hsa-mir-637,UGGCUAAGGUGUUGGCUCGGGCUCCCCACUGCAGUUACCCUCCCCUCGGCGUUACUGAGCACUGGGGGCUUUCGGGCUCUGCGUCUGCACAGAUACUUC
hsa-mir-638,GUGAGCGGGCGCGGCAGGGAUCGCGGGCGGGUGGCGGCCUAGGGCGCGGAGGGCGGACCGGGAAUGGCGCGCCGUGCGCCGCCGGCGUAACUGCGGCGCU
hsa-mir-640,GUGACCCUGGGCAAGUUCCUGAAGAUCAGACACAUCAGAUCCCUUAUCUGUAAAAUGGGCAUGAUCCAGGAACCUGCCUCUACGGUUGCCUUGGGG
hsa-mir-642a,AUCUGAGUUGGGAGGGUCCCUCUCCAAAUGUGUCUUGGGGUGGGGGAUCAAGACACAUUUGGAGAGGGAACCUCCCAACUCGGCCUCUGCCAUCAUU
hsa-mir-646,GAUCAGGAGUCUGCCAGUGGAGUCAGCACACCUGCUUUUCACCUGUGAUCCCAGGAGAGGAAGCAGCUGCCUCUGAGGCCUCAGGCUCAGUGGC
hsa-mir-647,AGGAAGUGUUGGCCUGUGGCUGCACUCACUUCCUUCAGCCCCAGGAAGCCUUGGUCGGGGGCAGGAGGGAGGGUCAGGCAGGGCUGGGGGCCUGAC
hsa-mir-648,AUCACAGACACCUCCAAGUGUGCAGGGCACUGGUGGGGGCCGGGGCAGGCCCAGCGAAAGUGCAGGACCUGGCACUUAGUCGGAAGUGAGGGUG
hsa-mir-650,CAGUGCUGGGGUCUCAGGAGGCAGCGCUCUCAGGACGUCACCACCAUGGCCUGGGCUCUGCUCCUCCUCACCCUCCUCACUCAGGGCACAGGUGAU
hsa-mir-652,ACGAAUGGCUAUGCACUGCACAACCCUAGGAGAGGGUGCCAUUCACAUAGACUAUAAUUGAAUGGCGCCACUAGGGUUGUGCAGUGCACAACCUACAC
hsa-mir-654,GGGUAAGUGGAAAGAUGGUGGGCCGCAGAACAUGUGCUGAGUUCGUGCCAUAUGUCUGCUGACCAUCACCUUUAGAAGCCC
hsa-mir-655,AACUAUGCAAGGAUAUUUGAGGAGAGGUUAUCCGUGUUAUGUUCGCUUCAUUCAUCAUGAAUAAUACAUGGUUAACCUCUUUUUGAAUAUCAGACUC
hsa-mir-657,GUGUAGUAGAGCUAGGAGGAGAGGGUCCUGGAGAAGCGUGGACCGGUCCGGGUGGGUUCCGGCAGGUUCUCACCCUCUCUAGGCCCCAUUCUCCUCUG
hsa-mir-658,GCUCGGUUGCCGUGGUUGCGGGCCCUGCCCGCCCGCCAGCUCGCUGACAGCACGACUCAGGGCGGAGGGAAGUAGGUCCGUUGGUCGGUCGGGAACGAGG
hsa-mir-659,UACCGACCCUCGAUUUGGUUCAGGACCUUCCCUGAACCAAGGAAGAGUCACAGUCUCUUCCUUGGUUCAGGGAGGGUCCCCAACAAUGUCCUCAUGG
hsa-mir-660,CUGCUCCUUCUCCCAUACCCAUUGCAUAUCGGAGUUGUGAAUUCUCAAAACACCUCCUGUGUGCAUGGAUUACAGGAGGGUGAGCCUUGUCAUCGUG
hsa-mir-661,GGAGAGGCUGUGCUGUGGGGCAGGCGCAGGCCUGAGCCCUGGUUUCGGGCUGCCUGGGUCUCUGGCCUGCGCGUGACUUUGGGGUGGCU
hsa-mir-662,GCUGUUGAGGCUGCGCAGCCAGGCCCUGACGGUGGGGUGGCUGCGGGCCUUCUGAAGGUCUCCCACGUUGUGGCCCAGCAGCGCAGUCACGUUGC
hsa-mir-664a,GAACAUUGAAACUGGCUAGGGAAAAUGAUUGGAUAGAAACUAUUAUUCUAUUCAUUUAUCCCCAGCCUACAAAAUGAAAAAA
hsa-mir-671,GCAGGUGAACUGGCAGGCCAGGAAGAGGAGGAAGCCCUGGAGGGGCUGGAGGUGAUGGAUGUUUUCCUCCGGUUCUCAGGGCUCCACCUCUUUCGGGCCGUAGAGCCAGGGCUGGUGC
hsa-mir-675,CCCAGGGUCUGGUGCGGAGAGGGCCCACAGUGGACUUGGUGACGCUGUAUGCCCUCACCGCUCAGCCCCUGGG
hsa-mir-7-1,UUGGAUGUUGGCCUAGUUCUGUGUGGAAGACUAGUGAUUUUGUUGUUUUUAGAUAACUAAAUCGACAACAAAUCACAGUCUGCCAUAUGGCACAGGCCAUGCCUCUACAG
hsa-mir-7-2,CUGGAUACAGAGUGGACCGGCUGGCCCCAUCUGGAAGACUAGUGAUUUUGUUGUUGUCUUACUGCGCUCAACAACAAAUCCCAGUCUACCUAAUGGUGCCAGCCAUCGCA
hsa-mir-7-3,AGAUUAGAGUGGCUGUGGUCUAGUGCUGUGUGGAAGACUAGUGAUUUUGUUGUUCUGAUGUACUACGACAACAAGUCACAGCCGGCCUCAUAGCGCAGACUCCCUUCGAC
hsa-mir-708,AACUGCCCUCAAGGAGCUUACAAUCUAGCUGGGGGUAAAUGACUUGCACAUGAACACAACUAGACUGUGAGCUUCUAGAGGGCAGGGA
hsa-mir-711,ACUGACUUUGAGUCUCUCCUCAGGGUGCUGCAGGCAAAGCUGGGGACCCAGGGAGAGACGUAAGUGAGGGGAGAUG
hsa-mir-718,GGCCGCGGCGCGCAAGAUGGCGGCGGGCCCGGGCACCGCCCCUUCCGCCCCGCCGGGCGUCGCACGAGGC
hsa-mir-744,UUGGGCAAGGUGCGGGGCUAGGGCUAACAGCAGUCUUACUGAAGGUUUCCUGGAAACCACGCACAUGCUGUUGCCACUAACCUCAACCUUACUCGGUC
hsa-mir-758,GCCUGGAUACAUGAGAUGGUUGACCAGAGAGCACACGCUUUAUUUGUGCCGUUUGUGACCUGGUCCACUAACCCUCAGUAUCUAAUGC
hsa-mir-760,GGCGCGUCGCCCCCCUCAGUCCACCAGAGCCCGGAUACCUCAGAAAUUCGGCUCUGGGUCUGUGGGGAGCGAAAUGCAAC
hsa-mir-765,UUUAGGCGCUGAUGAAAGUGGAGUUCAGUAGACAGCCCUUUUCAAGCCCUACGAGAAACUGGGGUUUCUGGAGGAGAAGGAAGGUGAUGAAGGAUCUGUUCUCGUGAGCCUGAA
hsa-mir-766,GCAUCCUCAGGACCUGGGCUUGGGUGGUAGGAGGAAUUGGUGCUGGUCUUUCAUUUUGGAUUUGACUCCAGCCCCACAGCCUCAGCCACCCCAGCCAAUUGUCAUAGGAGC
hsa-mir-767,GCUUUUAUAUUGUAGGUUUUUGCUCAUGCACCAUGGUUGUCUGAGCAUGCAGCAUGCUUGUCUGCUCAUACCCCAUGGUUUCUGAGCAGGAACCUUCAUUGUCUACUGC
hsa-mir-769,GCCUUGGUGCUGAUUCCUGGGCUCUGACCUGAGACCUCUGGGUUCUGAGCUGUGAUGUUGCUCUCGAGCUGGGAUCUCCGGGGUCUUGGUUCAGGGCCGGGGCCUCUGGGUUCCAAGC
hsa-mir-802,GUUCUGUUAUUUGCAGUCAGUAACAAAGAUUCAUCCUUGUGUCCAUCAUGCAACAAGGAGAAUCUUUGUCACUUAGUGUAAUUAAUAGCUGGAC
hsa-mir-873,GUGUGCAUUUGCAGGAACUUGUGAGUCUCCUAUUGAAAAUGAACAGGAGACUGAUGAGUUCCCGGGAACACCCACAA
hsa-mir-874,UUAGCCCUGCGGCCCCACGCACCAGGGUAAGAGAGACUCUCGCUUCCUGCCCUGGCCCGAGGGACCGACUGGCUGGGC
hsa-mir-885,CCGCACUCUCUCCAUUACACUACCCUGCCUCUUCUCCAUGAGAGGCAGCGGGGUGUAGUGGAUAGAGCACGGGU
hsa-mir-9-1,CGGGGUUGGUUGUUAUCUUUGGUUAUCUAGCUGUAUGAGUGGUGUGGAGUCUUCAUAAAGCUAGAUAACCGAAAGUAAAAAUAACCCCA
hsa-mir-9-2,GGAAGCGAGUUGUUAUCUUUGGUUAUCUAGCUGUAUGAGUGUAUUGGUCUUCAUAAAGCUAGAUAACCGAAAGUAAAAACUCCUUCA
hsa-mir-9-3,GGAGGCCCGUUUCUCUCUUUGGUUAUCUAGCUGUAUGAGUGCCACAGAGCCGUCAUAAAGCUAGAUAACCGAAAGUAGAAAUGAUUCUCA
hsa-mir-92a-1,CUUUCUACACAGGUUGGGAUCGGUUGCAAUGCUGUGUUUCUGUAUGGUAUUGCACUUGUCCCGGCCUGUUGAGUUUGG
hsa-mir-92a-2,UCAUCCCUGGGUGGGGAUUUGUUGCAUUACUUGUGUUCUAUAUAAAGUAUUGCACUUGUCCCGGCCUGUGGAAGA
hsa-mir-922,AUGGCGUUUUCCCUCUCCCUGUCCUGGACUGGGGUCAGACUGUGCCCCGAGGAGAAGCAGCAGAGAAUAGGACUACGUCAU
hsa-mir-92b,CGGGCCCCGGGCGGGCGGGAGGGACGGGACGCGGUGCAGUGUUGUUUUUUCCCCCGCCAAUAUUGCACUCGUCCCGGCCUCCGGCCCCCCCGGCCC
hsa-mir-93,CUGGGGGCUCCAAAGUGCUGUUCGUGCAGGUAGUGUGAUUACCCAACCUACUGCUGAGCUAGCACUUCCCGAGCCCCCGG
hsa-mir-933,ACUUGGGUCAGUUCAGAGGUCCUCGGGGCGCGCGUCGAGUCAGCCGUGUGCGCAGGGAGACCUCUCCCACCCACAGU
hsa-mir-935,GGCGGGGGCGCGGGCGGCAGUGGCGGGAGCGGCCCCUCGGCCAUCCUCCGUCUGCCCAGUUACCGCUUCCGCUACCGCCGCCGCUCCCGCU
hsa-mir-938,GAAGGUGUACCAUGUGCCCUUAAAGGUGAACCCAGUGCACCUUCAUGAACCGUGGUACACCUUUAAGAACUUGGUAUGCCUUC
hsa-mir-941-1,UGUGGACAUGUGCCCAGGGCCCGGGACAGCGCCACGGAAGAGGACGCACCCGGCUGUGUGCACAUGUGCCCA
hsa-mir-941-2,UGUGCACAUGUGCCCAGGGCCCGGGACAGCGCCACGGAAGAGGACGCACCCGGCUGUGUGCACAUGUGCCCA
hsa-mir-941-3,UGUGCACAUGUGCCCAGGGCCCGGGACAGCGCCACGGAAGAGGACGCACCCGGCUGUGUGCACAUGUGCCCA
hsa-mir-941-4,UGUGCACAUGUGCCCAGGGCCCGGGACAGCGCCACGGAAGAGGACGCACCCGGCUGUGUGCACAUGUGCCCA
hsa-mir-942,AUUAGGAGAGUAUCUUCUCUGUUUUGGCCAUGUGUGUACUCACAGCCCCUCACACAUGGCCGAAACAGAGAAGUUACUUUCCUAAU
hsa-mir-944,GUUCCAGACACAUCUCAUCUGAUAUACAAUAUUUUCUUAAAUUGUAUAAAGAGAAAUUAUUGUACAUCGGAUGAGCUGUGUCUGGGAU
hsa-mir-95,AACACAGUGGGCACUCAAUAAAUGUCUGUUGAAUUGAAAUGCGUUACAUUCAACGGGUAUUUAUUGAGCACCCACUCUGUG
hsa-mir-96,UGGCCGAUUUUGGCACUAGCACAUUUUUGCUUGUGUCUCUCCGCUCUGAGCAAUCAUGUGCAGUGCCAAUAUGGGAAA
hsa-mir-98,AGGAUUCUGCUCAUGCCAGGGUGAGGUAGUAAGUUGUAUUGUUGUGGGGUAGGGAUAUUAGGCCCCAAUUAGAAGAUAACUAUACAACUUACUACUUUCCCUGGUGUGUGGCAUAUUCA
hsa-mir-99a,CCCAUUGGCAUAAACCCGUAGAUCCGAUCUUGUGGUGAAGUGGACCGCACAAGCUCGCUUCUAUGGGUCUGUGUCAGUGUG
hsa-mir-99b,GGCACCCACCCGUAGAACCGACCUUGCGGGGCCUUCGCCGCACACAAGCUCGUGUCUGUGGGUCCGUGUC
hsa-mir-219-a,GGAGCUCAGCCACAGAUGUCCAGCCACAAUUCUCGGUUGGCCGCAGACUCGUACAAGAAUUGCGUUUGGACAAUCAGUGGCGAAGCCC
