1,hsa-miR-148a-3p,15
1,hsa-miR-32-5p,15
1,hsa-let-7d-5p,241
1,hsa-miR-10b-5p,241
1,hsa-miR-185-5p,241
1,hsa-miR-205-5p,241
1,hsa-miR-34a-5p,241
1,hsa-miR-21-5p,544
1,hsa-miR-152-3p,702
1,hsa-miR-15b-3p,702
1,hsa-miR-183-3p,702
1,hsa-miR-199a-3p,702
1,hsa-miR-219a-5p,702
1,hsa-miR-24-3p,702
1,hsa-miR-26b-3p,702
1,hsa-miR-27a-5p,702
1,hsa-miR-32-5p,702
1,hsa-miR-450a-5p,702
1,hsa-miR-497-5p,702
1,hsa-miR-503-5p,702
1,hsa-miR-542-3p,702
1,hsa-miR-668-3p,702
1,hsa-miR-141-3p,784
1,hsa-miR-200a-3p,784
1,hsa-miR-200b-3p,784
1,hsa-miR-200c-3p,784
1,hsa-miR-429,784
1,hsa-miR-34a-5p,936
1,hsa-miR-1-3p,985
1,hsa-miR-106b-5p,985
1,hsa-miR-155-5p,1175
1,hsa-miR-27b-3p,1832
1,hsa-miR-125b-5p,2336
1,hsa-miR-15a-5p,2336
1,hsa-miR-16-5p,2336
1,hsa-miR-200a-3p,2336
1,hsa-miR-25-3p,2336
1,hsa-miR-92a-3p,2336
1,hsa-let-7e-5p,2375
1,hsa-miR-1-3p,2375
1,hsa-miR-100-5p,2375
1,hsa-miR-125b-5p,2375
1,hsa-miR-143-5p,2375
1,hsa-miR-152-3p,2375
1,hsa-miR-204-5p,2375
1,hsa-miR-218-5p,2375
1,hsa-miR-23b-3p,2375
1,hsa-miR-376a-3p,2375
1,hsa-miR-376c-3p,2375
1,hsa-miR-377-3p,2375
1,hsa-miR-381-3p,2375
1,hsa-miR-424-5p,2375
1,hsa-miR-551b-3p,2375
1,hsa-miR-99a-5p,2375
1,hsa-miR-200c-3p,2578
1,hsa-miR-141-3p,2662
1,hsa-miR-148a-3p,2662
1,hsa-miR-149-3p,2662
1,hsa-miR-181b-5p,2662
1,hsa-miR-195-5p,2662
1,hsa-miR-26b-5p,2662
1,hsa-miR-638,2662
1,hsa-miR-663a,2662
1,hsa-miR-98-5p,2662
1,hsa-miR-18a-5p,2995
1,hsa-miR-21-5p,3071
1,hsa-miR-328-3p,3117
1,hsa-miR-181c-5p,3121
1,hsa-miR-21-5p,3121
1,hsa-miR-374a-5p,3121
1,hsa-miR-10b-3p,3220
1,hsa-miR-141-3p,3220
1,hsa-miR-16-1-3p,3220
1,hsa-miR-29a-5p,3220
1,hsa-miR-301a-3p,3220
1,hsa-miR-34a-5p,3220
1,hsa-miR-548c-5p,3220
1,hsa-miR-549a-3p,3220
1,hsa-let-7a-5p,3229
1,hsa-let-7b-5p,3229
1,hsa-miR-101-3p,3229
1,hsa-miR-122-5p,3229
1,hsa-miR-124-3p,3229
1,hsa-miR-125a-3p,3229
1,hsa-miR-125b-5p,3229
1,hsa-miR-126-3p,3229
1,hsa-miR-128-3p,3229
1,hsa-miR-139-5p,3229
1,hsa-miR-143-3p,3229
1,hsa-miR-146a-5p,3229
1,hsa-miR-152-3p,3229
1,hsa-miR-16-5p,3229
1,hsa-miR-181a-5p,3229
1,hsa-miR-181b-5p,3229
1,hsa-miR-18a-3p,3229
1,hsa-miR-190a-5p,3229
1,hsa-miR-193a-3p,3229
1,hsa-miR-193b-3p,3229
1,hsa-miR-199a-3p,3229
1,hsa-miR-199b-5p,3229
1,hsa-miR-205-5p,3229
1,hsa-miR-21-5p,3229
1,hsa-miR-212-3p,3229
1,hsa-miR-23a-3p,3229
1,hsa-miR-26a-5p,3229
1,hsa-miR-29b-3p,3229
1,hsa-miR-29c-3p,3229
1,hsa-miR-30a-5p,3229
1,hsa-miR-30e-5p,3229
1,hsa-miR-31-5p,3229
1,hsa-miR-7-5p,3229
1,hsa-miR-96-5p,3229
1,hsa-miR-99a-5p,3229
1,hsa-miR-374c-5p,3385
1,hsa-let-7a-5p,3385
1,hsa-let-7b-5p,3385
1,hsa-let-7d-5p,3385
1,hsa-let-7f-5p,3385
1,hsa-miR-1-3p,3385
1,hsa-miR-103a-3p,3385
1,hsa-miR-10a-3p,3385
1,hsa-miR-10b-5p,3385
1,hsa-miR-1226-5p,3385
1,hsa-miR-1229-3p,3385
1,hsa-miR-1246,3385
1,hsa-miR-1251-5p,3385
1,hsa-miR-1252-5p,3385
1,hsa-miR-1262,3385
1,hsa-miR-1268a,3385
1,hsa-miR-1277-3p,3385
1,hsa-miR-1286,3385
1,hsa-miR-1304-5p,3385
1,hsa-miR-132-3p,3385
1,hsa-miR-133a-3p,3385
1,hsa-miR-135b-5p,3385
1,hsa-miR-137-3p,3385
1,hsa-miR-140-3p,3385
1,hsa-miR-141-3p,3385
1,hsa-miR-145-5p,3385
1,hsa-miR-146b-5p,3385
1,hsa-miR-147a,3385
1,hsa-miR-149-3p,3385
1,hsa-miR-151a-3p,3385
1,hsa-miR-152-3p,3385
1,hsa-miR-155-5p,3385
1,hsa-miR-15b-5p,3385
1,hsa-miR-16-5p,3385
1,hsa-miR-182-5p,3385
1,hsa-miR-183-3p,3385
1,hsa-miR-184,3385
1,hsa-miR-185-5p,3385
1,hsa-miR-190a-5p,3385
1,hsa-miR-191-5p,3385
1,hsa-miR-1910-5p,3385
1,hsa-miR-1912-3p,3385
1,hsa-miR-1915-3p,3385
1,hsa-miR-194-5p,3385
1,hsa-miR-195-5p,3385
1,hsa-miR-199a-5p,3385
1,hsa-miR-19a-3p,3385
1,hsa-miR-20a-5p,3385
1,hsa-miR-200c-3p,3385
1,hsa-miR-2052,3385
1,hsa-miR-206,3385
1,hsa-miR-21-5p,3385
1,hsa-miR-2116-5p,3385
1,hsa-miR-218-5p,3385
1,hsa-miR-2355-3p,3385
1,hsa-miR-23a-3p,3385
1,hsa-miR-23b-3p,3385
1,hsa-miR-25-3p,3385
1,hsa-miR-27a-3p,3385
1,hsa-miR-27b-3p,3385
1,hsa-miR-27b-5p,3385
1,hsa-miR-299-5p,3385
1,hsa-miR-29a-3p,3385
1,hsa-miR-29b-1-5p,3385
1,hsa-miR-302f,3385
1,hsa-miR-30c-2-3p,3385
1,hsa-miR-30e-5p,3385
1,hsa-miR-3133,3385
1,hsa-miR-3134,3385
1,hsa-miR-3146,3385
1,hsa-miR-3149,3385
1,hsa-miR-3152-3p,3385
1,hsa-miR-3153,3385
1,hsa-miR-3163,3385
1,hsa-miR-3167,3385
1,hsa-miR-3174,3385
1,hsa-miR-3192-5p,3385
1,hsa-miR-320d,3385
1,hsa-miR-340-5p,3385
1,hsa-miR-342-3p,3385
1,hsa-miR-34a-5p,3385
1,hsa-miR-34c-3p,3385
1,hsa-miR-203b-3p,3385
1,hsa-miR-122b-5p,3385
1,hsa-miR-3606-5p,3385
1,hsa-miR-3614-3p,3385
1,hsa-miR-3658,3385
1,hsa-miR-3659,3385
1,hsa-miR-3662,3385
1,hsa-miR-3668,3385
1,hsa-miR-3672,3385
1,hsa-miR-3679-5p,3385
1,hsa-miR-3682-3p,3385
1,hsa-miR-3692-5p,3385
1,hsa-miR-371a-5p,3385
1,hsa-miR-378i,3385
1,hsa-miR-379-5p,3385
1,hsa-miR-383-5p,3385
1,hsa-miR-3911,3385
1,hsa-miR-3914,3385
1,hsa-miR-3945,3385
1,hsa-miR-410-5p,3385
1,hsa-miR-4271,3385
1,hsa-miR-429,3385
1,hsa-miR-4298,3385
1,hsa-miR-4306,3385
1,hsa-miR-4428,3385
1,hsa-miR-4450,3385
1,hsa-miR-4453,3385
1,hsa-miR-4460,3385
1,hsa-miR-4464,3385
1,hsa-miR-4470,3385
1,hsa-miR-4474-3p,3385
1,hsa-miR-4475,3385
1,hsa-miR-4476,3385
1,hsa-miR-4504,3385
1,hsa-miR-4509,3385
1,hsa-miR-4518,3385
1,hsa-miR-4635,3385
1,hsa-miR-4652-5p,3385
1,hsa-miR-4661-3p,3385
1,hsa-miR-4662a-3p,3385
1,hsa-miR-4674,3385
1,hsa-miR-4676-5p,3385
1,hsa-miR-4678,3385
1,hsa-miR-4680-3p,3385
1,hsa-miR-4693-5p,3385
1,hsa-miR-4700-5p,3385
1,hsa-miR-4703-5p,3385
1,hsa-miR-4716-3p,3385
1,hsa-miR-4720-3p,3385
1,hsa-miR-4723-3p,3385
1,hsa-miR-4729,3385
1,hsa-miR-4732-5p,3385
1,hsa-miR-4735-3p,3385
1,hsa-miR-4759,3385
1,hsa-miR-4765,3385
1,hsa-miR-4772-5p,3385
1,hsa-miR-4773,3385
1,hsa-miR-4774-5p,3385
1,hsa-miR-4777-5p,3385
1,hsa-miR-4778-5p,3385
1,hsa-miR-4779,3385
1,hsa-miR-4791,3385
1,hsa-miR-4795-5p,3385
1,hsa-miR-4796-3p,3385
1,hsa-miR-4797-5p,3385
1,hsa-miR-4804-5p,3385
1,hsa-miR-454-5p,3385
1,hsa-miR-486-3p,3385
1,hsa-miR-494-3p,3385
1,hsa-miR-501-5p,3385
1,hsa-miR-519a-3p,3385
1,hsa-miR-519c-5p,3385
1,hsa-miR-522-3p,3385
1,hsa-miR-525-3p,3385
1,hsa-miR-548f-5p,3385
1,hsa-miR-556-5p,3385
1,hsa-miR-558,3385
1,hsa-miR-559,3385
1,hsa-miR-574-3p,3385
1,hsa-miR-574-5p,3385
1,hsa-miR-575,3385
1,hsa-miR-592,3385
1,hsa-miR-617,3385
1,hsa-miR-627-5p,3385
1,hsa-miR-628-5p,3385
1,hsa-miR-633,3385
1,hsa-miR-638,3385
1,hsa-miR-663a,3385
1,hsa-miR-671-5p,3385
1,hsa-miR-708-5p,3385
1,hsa-miR-711,3385
1,hsa-miR-758-3p,3385
1,hsa-miR-765,3385
1,hsa-miR-766-3p,3385
1,hsa-miR-889-5p,3385
1,hsa-miR-9-3p,3385
1,hsa-miR-921,3385
1,hsa-miR-936,3385
1,hsa-miR-27b-3p,3386
1,hsa-let-7f-5p,3902
1,hsa-let-7a-5p,4091
1,hsa-let-7b-5p,4091
1,hsa-let-7c-5p,4091
1,hsa-miR-101-3p,4091
1,hsa-miR-192-5p,4091
1,hsa-miR-200b-3p,4091
1,hsa-miR-200c-3p,4091
1,hsa-miR-26a-5p,4091
1,hsa-miR-1291,4212
1,hsa-miR-19b-3p,4624
1,hsa-miR-338-3p,4624
1,hsa-miR-425-5p,4624
1,hsa-miR-346,5073
1,hsa-let-7b-3p,5311
1,hsa-miR-1227-3p,5311
1,hsa-miR-124-3p,5311
1,hsa-miR-126-3p,5311
1,hsa-miR-127-3p,5311
1,hsa-miR-129-2-3p,5311
1,hsa-miR-132-3p,5311
1,hsa-miR-134-5p,5311
1,hsa-miR-140-5p,5311
1,hsa-miR-182-5p,5311
1,hsa-miR-183-5p,5311
1,hsa-miR-197-3p,5311
1,hsa-miR-206,5311
1,hsa-miR-22-5p,5311
1,hsa-miR-24-1-5p,5311
1,hsa-miR-299-3p,5311
1,hsa-miR-30e-3p,5311
1,hsa-miR-337-5p,5311
1,hsa-miR-34a-5p,5311
1,hsa-miR-373-3p,5311
1,hsa-miR-376a-3p,5311
1,hsa-miR-379-5p,5311
1,hsa-miR-381-3p,5311
1,hsa-miR-382-5p,5311
1,hsa-miR-383-5p,5311
1,hsa-miR-409-3p,5311
1,hsa-miR-425-5p,5311
1,hsa-miR-432-5p,5311
1,hsa-miR-450a-5p,5311
1,hsa-miR-487b-3p,5311
1,hsa-miR-502-3p,5311
1,hsa-miR-542-3p,5311
1,hsa-miR-574-3p,5311
1,hsa-miR-595,5311
1,hsa-miR-629-5p,5311
1,hsa-miR-654-3p,5311
1,hsa-miR-660-5p,5311
1,hsa-miR-744-3p,5311
1,hsa-miR-769-5p,5311
1,hsa-miR-9-3p,5311
1,hsa-miR-96-5p,5311
1,hsa-miR-137-3p,5394
1,hsa-miR-145-5p,5394
1,hsa-miR-153-3p,5394
1,hsa-miR-181b-5p,5394
1,hsa-let-7d-5p,5394
1,hsa-miR-137-3p,5394
1,hsa-miR-145-5p,5394
1,hsa-miR-153-3p,5394
1,hsa-miR-210-3p,5394
1,hsa-miR-584-5p,5394
1,hsa-miR-133a-3p,5394
1,hsa-miR-135a-5p,5394
1,hsa-miR-155-5p,5394
1,hsa-miR-193b-5p,5394
1,hsa-miR-21-5p,5394
1,hsa-miR-219a-1-3p,5394
1,hsa-let-7a-5p,5757
1,hsa-let-7b-5p,5757
1,hsa-let-7c-5p,5757
1,hsa-let-7d-5p,5757
1,hsa-let-7e-5p,5757
1,hsa-let-7f-5p,5757
1,hsa-let-7g-5p,5757
1,hsa-let-7i-5p,5757
1,hsa-miR-103a-3p,5757
1,hsa-miR-107,5757
1,hsa-miR-17-5p,5757
1,hsa-miR-1915-3p,5757
1,hsa-miR-200a-3p,5757
1,hsa-miR-200b-3p,5757
1,hsa-miR-200c-3p,5757
1,hsa-miR-203a-3p,5757
1,hsa-miR-21-5p,5757
1,hsa-miR-23a-3p,5757
1,hsa-miR-23b-3p,5757
1,hsa-miR-30b-5p,5757
1,hsa-miR-30c-5p,5757
1,hsa-miR-424-5p,5757
1,hsa-miR-520d-3p,5757
1,hsa-miR-542-3p,5757
1,hsa-miR-638,5757
1,hsa-miR-663a,5757
1,hsa-miR-98-5p,5757
1,hsa-miR-1226-5p,5790
1,hsa-miR-23a-5p,5790
1,hsa-miR-323a-3p,5790
1,hsa-miR-454-3p,5790
1,hsa-miR-500a-5p,5790
1,hsa-miR-501-5p,5790
1,hsa-miR-650,5790
1,hsa-miR-874-3p,5790
1,hsa-miR-122-5p,5793
1,hsa-miR-127-5p,5793
1,hsa-miR-133a-3p,5793
1,hsa-miR-133b,5793
1,hsa-miR-135b-5p,5793
1,hsa-miR-138-5p,5793
1,hsa-miR-148a-3p,5793
1,hsa-miR-150-5p,5793
1,hsa-miR-155-5p,5793
1,hsa-miR-187-3p,5793
1,hsa-miR-194-5p,5793
1,hsa-miR-200c-3p,5793
1,hsa-miR-203a-3p,5793
1,hsa-miR-205-5p,5793
1,hsa-miR-219a-1-3p,5793
1,hsa-miR-23b-3p,5793
1,hsa-miR-296-5p,5793
1,hsa-miR-298,5793
1,hsa-miR-299-5p,5793
1,hsa-miR-302a-3p,5793
1,hsa-miR-329-3p,5793
1,hsa-miR-342-5p,5793
1,hsa-miR-369-3p,5793
1,hsa-miR-375-3p,5793
1,hsa-miR-377-3p,5793
1,hsa-miR-381-3p,5793
1,hsa-miR-409-5p,5793
1,hsa-miR-433-5p,5793
1,hsa-miR-450b-5p,5793
1,hsa-miR-486-3p,5793
1,hsa-miR-487b-3p,5793
1,hsa-miR-492,5793
1,hsa-miR-499a-5p,5793
1,hsa-miR-502-3p,5793
1,hsa-miR-505-3p,5793
1,hsa-miR-506-3p,5793
1,hsa-miR-507,5793
1,hsa-miR-512-3p,5793
1,hsa-miR-512-5p,5793
1,hsa-miR-518a-3p,5793
1,hsa-miR-523-3p,5793
1,hsa-miR-544a,5793
1,hsa-miR-561-3p,5793
1,hsa-miR-579-3p,5793
1,hsa-miR-596,5793
1,hsa-miR-597-5p,5793
1,hsa-miR-615-3p,5793
1,hsa-miR-627-5p,5793
1,hsa-miR-629-5p,5793
1,hsa-miR-760,5793
1,hsa-miR-885-3p,5793
1,hsa-miR-885-5p,5793
1,hsa-miR-9-5p,5793
1,hsa-miR-155-5p,5816
1,hsa-miR-210-3p,5978
1,hsa-miR-142-5p,5994
1,hsa-miR-146b-5p,5994
1,hsa-miR-21-5p,5994
1,hsa-miR-27b-5p,5994
1,hsa-miR-30c-1-3p,5994
1,hsa-miR-412-3p,5994
1,hsa-miR-454-5p,5994
1,hsa-miR-513a-5p,5994
1,hsa-miR-513b-5p,5994
1,hsa-miR-625-3p,5994
1,hsa-miR-634,5994
1,hsa-miR-921,5994
1,hsa-miR-1181,6013
1,hsa-miR-134-5p,6013
1,hsa-miR-135a-3p,6013
1,hsa-miR-1915-3p,6013
1,hsa-miR-29a-3p,6013
1,hsa-miR-629-3p,6013
1,hsa-miR-663a,6013
1,hsa-miR-1207-5p,6013
1,hsa-miR-22-3p,6013
1,hsa-miR-29a-3p,6013
1,hsa-miR-29b-3p,6013
1,hsa-miR-371a-5p,6013
1,hsa-miR-663a,6013
1,hsa-miR-27b-3p,6089
1,hsa-miR-328-3p,6089
1,hsa-miR-17-5p,6279
1,hsa-miR-23a-3p,6279
1,hsa-miR-23b-3p,6279
1,hsa-miR-542-3p,6279
1,hsa-let-7f-5p,6623
1,hsa-let-7g-5p,6623
1,hsa-let-7i-5p,6623
1,hsa-miR-106a-5p,6623
1,hsa-miR-106b-5p,6623
1,hsa-miR-146a-5p,6623
1,hsa-miR-155-5p,6623
1,hsa-miR-16-5p,6623
1,hsa-miR-1915-3p,6623
1,hsa-miR-19b-3p,6623
1,hsa-miR-20a-5p,6623
1,hsa-miR-21-5p,6623
1,hsa-miR-26b-5p,6623
1,hsa-miR-29a-3p,6623
1,hsa-miR-335-5p,6623
1,hsa-miR-376c-3p,6623
1,hsa-miR-638,6623
1,hsa-miR-663a,6623
1,hsa-miR-107,6942
1,hsa-miR-200b-3p,6942
1,hsa-miR-34a-5p,6942
1,hsa-miR-34b-3p,6942
1,hsa-miR-34c-5p,6942
1,hsa-miR-542-5p,6942
1,hsa-miR-605-5p,6942
1,hsa-miR-101-5p,7222
1,hsa-miR-203a-3p,7489
1,hsa-miR-1226-5p,8642
1,hsa-miR-23a-5p,8642
1,hsa-miR-323a-3p,8642
1,hsa-miR-454-3p,8642
1,hsa-miR-500a-5p,8642
1,hsa-miR-501-5p,8642
1,hsa-miR-650,8642
1,hsa-miR-874-3p,8642
1,hsa-miR-125b-5p,9444
1,hsa-miR-145-5p,9444
1,hsa-miR-203a-3p,9444
1,hsa-miR-200c-3p,9444
1,hsa-miR-214-3p,9444
1,hsa-miR-141-3p,10635
1,hsa-miR-193a-3p,10635
1,hsa-miR-21-5p,10635
1,hsa-miR-22-3p,10635
1,hsa-miR-29a-3p,10635
1,hsa-miR-29b-3p,10635
1,hsa-miR-32-5p,10635
1,hsa-miR-375-3p,10635
1,hsa-miR-494-3p,10635
1,hsa-miR-498-5p,10635
1,hsa-miR-125b-5p,10836
1,hsa-miR-150-5p,10836
1,hsa-miR-223-3p,10836
1,hsa-miR-28-5p,10836
1,hsa-miR-1915-3p,13089
1,hsa-miR-638,13089
1,hsa-miR-663a,13089
1,hsa-miR-33a-5p,14403
1,hsa-let-7a-5p,14888
1,hsa-let-7d-5p,14888
1,hsa-let-7f-5p,14888
1,hsa-let-7g-5p,14888
1,hsa-miR-1-3p,14888
1,hsa-miR-100-5p,14888
1,hsa-miR-10a-5p,14888
1,hsa-miR-10b-5p,14888
1,hsa-miR-122-5p,14888
1,hsa-miR-124-3p,14888
1,hsa-miR-125a-5p,14888
1,hsa-miR-125b-5p,14888
1,hsa-miR-126-3p,14888
1,hsa-miR-128-3p,14888
1,hsa-miR-132-3p,14888
1,hsa-miR-132-3p,14888
1,hsa-miR-133b,14888
1,hsa-miR-140-5p,14888
1,hsa-miR-143-3p,14888
1,hsa-miR-144-3p,14888
1,hsa-miR-146a-5p,14888
1,hsa-miR-146b-5p,14888
1,hsa-miR-148a-3p,14888
1,hsa-miR-148b-3p,14888
1,hsa-miR-149-5p,14888
1,hsa-miR-150-5p,14888
1,hsa-miR-155-5p,14888
1,hsa-miR-16-5p,14888
1,hsa-miR-17-5p,14888
1,hsa-miR-181a-5p,14888
1,hsa-miR-181b-5p,14888
1,hsa-miR-181c-5p,14888
1,hsa-miR-181d-5p,14888
1,hsa-miR-183-5p,14888
1,hsa-miR-184,14888
1,hsa-miR-18a-5p,14888
1,hsa-miR-191-5p,14888
1,hsa-miR-193a-5p,14888
1,hsa-miR-193b-3p,14888
1,hsa-miR-196a-5p,14888
1,hsa-miR-199a-3p,14888
1,hsa-miR-19a-3p,14888
1,hsa-miR-200c-3p,14888
1,hsa-miR-203a-3p,14888
1,hsa-miR-20b-5p,14888
1,hsa-miR-21-5p,14888
1,hsa-miR-210-3p,14888
1,hsa-miR-212-3p,14888
1,hsa-miR-214-3p,14888
1,hsa-miR-215-5p,14888
1,hsa-miR-218-5p,14888
1,hsa-miR-22-3p,14888
1,hsa-miR-221-3p,14888
1,hsa-miR-222-3p,14888
1,hsa-miR-222-5p,14888
1,hsa-miR-23b-3p,14888
1,hsa-miR-24-3p,14888
1,hsa-miR-27a-3p,14888
1,hsa-miR-27b-3p,14888
1,hsa-miR-29a-3p,14888
1,hsa-miR-30a-5p,14888
1,hsa-miR-30c-5p,14888
1,hsa-miR-32-5p,14888
1,hsa-miR-335-5p,14888
1,hsa-miR-34a-5p,14888
1,hsa-miR-34c-5p,14888
1,hsa-miR-363-3p,14888
1,hsa-miR-372-3p,14888
1,hsa-miR-378a-3p,14888
1,hsa-miR-7-5p,14888
1,hsa-miR-9-5p,14888
1,hsa-miR-96-5p,14888
1,hsa-miR-98-5p,14888
1,hsa-miR-491-5p,14888
1,hsa-miR-25-3p,15625
1,hsa-miR-335-5p,15625
1,hsa-miR-92a-3p,15625
1,hsa-miR-153-3p,15939
1,hsa-miR-21-5p,21109
1,hsa-miR-203a-3p,23973
1,hsa-miR-124-3p,24288
1,hsa-miR-337-3p,24497
1,hsa-miR-206,31101
1,hsa-miR-516b-5p,31101
1,hsa-miR-550a-3p,31101
1,hsa-miR-143-3p,31401
1,hsa-miR-181d-5p,31401
1,hsa-miR-302d-3p,31401
1,hsa-miR-513a-5p,31401
1,hsa-miR-638,31401
1,hsa-miR-181a-5p,31703
1,hsa-miR-122-5p,31703
1,hsa-miR-1291,31703
1,hsa-miR-135b-5p,31703
1,hsa-miR-139-5p,31703
1,hsa-miR-145-5p,31703
1,hsa-miR-183-3p,31703
1,hsa-miR-199a-3p,31703
1,hsa-miR-22-3p,31703
1,hsa-miR-328-3p,31703
1,hsa-miR-34b-3p,31703
1,hsa-miR-34c-5p,31703
1,hsa-miR-375-3p,31703
1,hsa-miR-432-5p,31703
1,hsa-miR-449a,31703
1,hsa-miR-449b-5p,31703
1,hsa-miR-520h,31703
1,hsa-miR-652-3p,31703
1,hsa-let-7e-5p,31703
1,hsa-miR-181a-5p,31703
1,hsa-miR-181b-5p,31703
1,hsa-miR-21-5p,31703
1,hsa-miR-181a-3p,31703
1,hsa-miR-520f-3p,31703
1,hsa-miR-126-3p,36314
1,hsa-miR-148a-3p,36314
1,hsa-miR-27a-3p,36314
1,hsa-miR-30a-5p,36314
1,hsa-miR-367-3p,36314
1,hsa-miR-514a-3p,36314
1,hsa-miR-99b-5p,36314
1,hsa-miR-200c-3p,36314
1,hsa-miR-34a-5p,36314
1,hsa-let-7e-5p,36462
1,hsa-let-7g-5p,36462
1,hsa-let-7i-5p,36462
1,hsa-miR-21-5p,36462
1,hsa-miR-26b-5p,36462
1,hsa-miR-638,36462
1,hsa-miR-663a,36462
1,hsa-miR-199a-5p,47318
1,hsa-miR-20a-5p,47318
1,hsa-miR-20b-5p,47318
1,hsa-miR-100-5p,47725
1,hsa-miR-10b-5p,47725
1,hsa-miR-1229-3p,47725
1,hsa-miR-125b-5p,47725
1,hsa-miR-128-3p,47725
1,hsa-miR-134-5p,47725
1,hsa-miR-135a-5p,47725
1,hsa-miR-148a-3p,47725
1,hsa-miR-601,47725
1,hsa-miR-638,47725
1,hsa-miR-663a,47725
1,hsa-miR-7-5p,47725
1,hsa-miR-887-5p,47725
1,hsa-miR-99a-5p,47725
1,hsa-miR-33b-5p,53232
1,hsa-miR-1226-5p,60700
1,hsa-miR-23a-5p,60700
1,hsa-miR-323a-3p,60700
1,hsa-miR-34b-3p,60700
1,hsa-miR-431-5p,60700
1,hsa-miR-500a-5p,60700
1,hsa-miR-501-5p,60700
1,hsa-miR-518c-3p,60700
1,hsa-miR-650,60700
1,hsa-miR-874-3p,60700
1,hsa-let-7a-5p,60750
1,hsa-let-7c-5p,60750
1,hsa-let-7d-5p,60750
1,hsa-let-7f-5p,60750
1,hsa-miR-1-3p,60750
1,hsa-miR-16-5p,60750
1,hsa-miR-194-5p,60750
1,hsa-miR-202-3p,60750
1,hsa-miR-21-5p,60750
1,hsa-miR-21-5p,60750
1,hsa-miR-217-5p,60750
1,hsa-miR-24-3p,60750
1,hsa-miR-26a-5p,60750
1,hsa-miR-27a-3p,60750
1,hsa-miR-320a-3p,60750
1,hsa-miR-372-3p,60750
1,hsa-miR-181a-5p,60750
1,hsa-miR-181b-5p,60750
1,hsa-miR-181a-3p,60750
1,hsa-miR-146b-5p,60823
1,hsa-miR-1539,60823
1,hsa-miR-182-5p,60823
1,hsa-miR-1827,60823
1,hsa-miR-190b-5p,60823
1,hsa-miR-194-5p,60823
1,hsa-miR-224-5p,60823
1,hsa-miR-331-5p,60823
1,hsa-miR-409-5p,60823
1,hsa-miR-448,60823
1,hsa-miR-487a-3p,60823
1,hsa-miR-500a-5p,60823
1,hsa-miR-548d-5p,60823
1,hsa-miR-553,60823
1,hsa-miR-555,60823
1,hsa-miR-583,60823
1,hsa-miR-586,60823
1,hsa-miR-601,60823
1,hsa-miR-654-5p,60823
1,hsa-miR-658,60823
1,hsa-miR-661,60823
1,hsa-miR-760,60823
1,hsa-miR-770-5p,60823
1,hsa-miR-892b,60823
1,hsa-miR-935,60823
1,hsa-miR-1226-5p,60838
1,hsa-miR-23a-5p,60838
1,hsa-miR-323a-3p,60838
1,hsa-miR-500a-5p,60838
1,hsa-miR-501-5p,60838
1,hsa-miR-650,60838
1,hsa-miR-874-3p,60838
1,hsa-miR-18a-5p,60852
1,hsa-miR-125b-5p,60953
1,hsa-miR-137-3p,60953
1,hsa-miR-1256,72304
1,hsa-miR-29a-3p,72304
1,hsa-miR-1291,73581
1,hsa-miR-148a-3p,73581
1,hsa-miR-27a-3p,73581
1,hsa-miR-27b-3p,73581
1,hsa-miR-328-3p,73581
1,hsa-miR-451a,73581
1,hsa-miR-519c-3p,73581
1,hsa-miR-16-5p,89594
1,hsa-miR-21-5p,89594
1,hsa-miR-21-5p,89594
1,hsa-miR-21-5p,91466
1,hsa-miR-1246,97226
1,hsa-miR-135a-3p,97226
1,hsa-miR-1972,97226
1,hsa-miR-1973,97226
1,hsa-miR-371a-5p,97226
1,hsa-miR-3907,97226
1,hsa-miR-3940-3p,97226
1,hsa-miR-4257,97226
1,hsa-miR-4327,97226
1,hsa-miR-454-5p,97226
1,hsa-miR-543,97226
1,hsa-miR-572,97226
1,hsa-miR-630,97226
1,hsa-miR-636,97226
1,hsa-miR-658,97226
1,hsa-miR-770-5p,97226
1,hsa-miR-892b,97226
1,hsa-miR-335-5p,114900
1,hsa-let-7c-5p,119307
1,hsa-let-7d-5p,119307
1,hsa-miR-106b-5p,119307
1,hsa-miR-125b-5p,119307
1,hsa-miR-128-3p,119307
1,hsa-miR-128-3p,119307
1,hsa-miR-129-2-3p,119307
1,hsa-miR-137-3p,119307
1,hsa-miR-138-5p,119307
1,hsa-miR-15b-5p,119307
1,hsa-miR-181a-5p,119307
1,hsa-miR-181b-5p,119307
1,hsa-miR-181c-5p,119307
1,hsa-miR-29b-3p,119307
1,hsa-miR-323a-3p,119307
1,hsa-let-7d-5p,119307
1,hsa-let-7i-5p,119307
1,hsa-miR-1207-5p,119307
1,hsa-miR-1225-5p,119307
1,hsa-miR-1227-3p,119307
1,hsa-miR-1268a,119307
1,hsa-miR-1290,119307
1,hsa-miR-130b-3p,119307
1,hsa-miR-135a-5p,119307
1,hsa-miR-148a-3p,119307
1,hsa-miR-150-3p,119307
1,hsa-miR-186-5p,119307
1,hsa-miR-188-5p,119307
1,hsa-miR-18b-5p,119307
1,hsa-miR-191-3p,119307
1,hsa-miR-1915-3p,119307
1,hsa-miR-196b-5p,119307
1,hsa-miR-2116-3p,119307
1,hsa-miR-296-5p,119307
1,hsa-miR-3180-5p,119307
1,hsa-miR-3195,119307
1,hsa-miR-32-5p,119307
1,hsa-miR-361-3p,119307
1,hsa-miR-3648,119307
1,hsa-miR-3651,119307
1,hsa-miR-3663-3p,119307
1,hsa-miR-3665,119307
1,hsa-miR-4270,119307
1,hsa-miR-4281,119307
1,hsa-miR-4284,119307
1,hsa-miR-483-3p,119307
1,hsa-miR-574-5p,119307
1,hsa-miR-590-5p,119307
1,hsa-miR-630,119307
1,hsa-miR-664a-3p,119307
1,hsa-miR-767-3p,119307
1,hsa-miR-939-5p,119307
1,hsa-miR-146a-5p,122634
1,hsa-miR-146a-5p,123596
1,hsa-miR-150-5p,123596
1,hsa-miR-134-5p,123631
1,hsa-miR-487b-3p,123631
1,hsa-miR-655-3p,123631
1,hsa-let-7a-5p,124024
1,hsa-miR-10b-5p,124024
1,hsa-miR-148b-3p,124024
1,hsa-miR-18a-5p,124024
1,hsa-miR-18b-5p,124024
1,hsa-miR-193a-3p,124024
1,hsa-miR-205-5p,124024
1,hsa-miR-222-3p,124024
1,hsa-miR-302b-3p,124024
1,hsa-miR-30a-5p,124024
1,hsa-miR-34c-5p,124024
1,hsa-miR-372-3p,124024
1,hsa-miR-376a-3p,124024
1,hsa-miR-379-5p,124024
1,hsa-miR-432-5p,124024
1,hsa-miR-493-5p,124024
1,hsa-miR-502-5p,124024
1,hsa-miR-515-5p,124024
1,hsa-miR-98-5p,124024
1,hsa-miR-100-5p,148124
1,hsa-miR-371a-3p,148124
1,hsa-miR-502-5p,148124
1,hsa-miR-514a-3p,148124
1,hsa-miR-515-5p,148124
1,hsa-miR-518c-3p,148124
1,hsa-miR-99b-5p,148124
1,hsa-miR-328-3p,164676
1,hsa-miR-1260a,216239
1,hsa-miR-1290,216239
1,hsa-miR-1291,216239
1,hsa-miR-194-3p,216239
1,hsa-miR-219a-1-3p,216239
1,hsa-miR-30a-3p,216239
1,hsa-miR-522-3p,216239
1,hsa-miR-548c-5p,216239
1,hsa-miR-629-5p,216239
1,hsa-miR-664a-3p,216239
1,hsa-miR-196b-5p,216326
1,hsa-miR-34a-5p,216326
1,hsa-miR-34a-3p,216326
1,hsa-miR-451a,216326
1,hsa-miR-98-5p,216326
1,hsa-miR-199a-5p,229455
1,hsa-miR-19a-3p,229455
1,hsa-miR-200c-3p,229455
1,hsa-miR-217-5p,229455
1,hsa-miR-302d-3p,229455
1,hsa-miR-367-3p,229455
1,hsa-miR-372-3p,229455
1,hsa-miR-25-3p,265237
1,hsa-miR-27a-3p,275182
1,hsa-miR-4284,275182
1,hsa-miR-122-5p,387447
1,hsa-miR-15a-5p,387447
1,hsa-miR-16-5p,387447
1,hsa-miR-27b-3p,442793
1,hsa-miR-1-3p,444732
1,hsa-miR-100-5p,444732
1,hsa-miR-103a-3p,444732
1,hsa-miR-107,444732
1,hsa-miR-129-5p,444732
1,hsa-miR-139-5p,444732
1,hsa-miR-143-3p,444732
1,hsa-miR-144-3p,444732
1,hsa-miR-146a-5p,444732
1,hsa-miR-146b-5p,444732
1,hsa-miR-153-3p,444732
1,hsa-miR-155-5p,444732
1,hsa-miR-16-5p,444732
1,hsa-miR-181d-5p,444732
1,hsa-miR-182-5p,444732
1,hsa-miR-191-5p,444732
1,hsa-miR-191-3p,444732
1,hsa-miR-193a-3p,444732
1,hsa-miR-194-5p,444732
1,hsa-miR-19a-3p,444732
1,hsa-miR-200c-3p,444732
1,hsa-miR-202-5p,444732
1,hsa-miR-20a-5p,444732
1,hsa-miR-20b-5p,444732
1,hsa-miR-214-3p,444732
1,hsa-miR-215-5p,444732
1,hsa-miR-22-3p,444732
1,hsa-miR-23b-3p,444732
1,hsa-miR-24-3p,444732
1,hsa-miR-25-3p,444732
1,hsa-miR-27a-3p,444732
1,hsa-miR-29a-3p,444732
1,hsa-miR-29b-3p,444732
1,hsa-miR-30b-5p,444732
1,hsa-miR-31-5p,444732
1,hsa-miR-320a-3p,444732
1,hsa-miR-335-5p,444732
1,hsa-miR-34a-5p,444732
1,hsa-miR-373-3p,444732
1,hsa-miR-486-5p,444732
1,hsa-miR-494-3p,444732
1,hsa-miR-519c-5p,444732
1,hsa-miR-544a,444732
1,hsa-miR-559,444732
1,hsa-miR-568,444732
1,hsa-miR-620,444732
1,hsa-miR-627-5p,444732
1,hsa-miR-638,444732
1,hsa-miR-641,444732
1,hsa-miR-888-5p,444732
1,hsa-miR-93-5p,444732
1,hsa-let-7a-5p,444795
1,hsa-let-7c-5p,444795
1,hsa-let-7d-5p,444795
1,hsa-miR-107,444795
1,hsa-miR-10a-5p,444795
1,hsa-miR-145-5p,444795
1,hsa-miR-15a-5p,444795
1,hsa-miR-15b-5p,444795
1,hsa-miR-16-5p,444795
1,hsa-miR-16-5p,444795
1,hsa-miR-200b-3p,444795
1,hsa-miR-21-5p,444795
1,hsa-miR-22-3p,444795
1,hsa-miR-223-3p,444795
1,hsa-miR-342-3p,444795
1,hsa-miR-363-5p,444795
1,hsa-miR-494-3p,444795
1,hsa-miR-663a,444795
1,hsa-miR-663a,444795
1,hsa-miR-200c-3p,444796
1,hsa-miR-200a-3p,444797
1,hsa-miR-663a,445154
1,hsa-miR-21-5p,445434
1,hsa-miR-211-5p,445434
1,hsa-miR-671-5p,445434
1,hsa-let-7e-5p,445580
1,hsa-let-7f-5p,445580
1,hsa-miR-1-3p,445580
1,hsa-miR-1283,445580
1,hsa-miR-141-3p,445580
1,hsa-miR-143-3p,445580
1,hsa-miR-181a-5p,445580
1,hsa-miR-191-5p,445580
1,hsa-miR-192-5p,445580
1,hsa-miR-193b-3p,445580
1,hsa-miR-221-3p,445580
1,hsa-miR-29b-3p,445580
1,hsa-miR-30a-5p,445580
1,hsa-miR-30c-5p,445580
1,hsa-miR-330-3p,445580
1,hsa-miR-374b-5p,445580
1,hsa-miR-658,445580
1,hsa-let-7f-5p,445639
1,hsa-miR-181a-5p,445639
1,hsa-miR-181a-5p,446220
1,hsa-miR-212-3p,446220
1,hsa-miR-27b-3p,446220
1,hsa-miR-328-3p,446220
1,hsa-miR-126-3p,448537
1,hsa-miR-152-3p,448537
1,hsa-miR-181d-5p,448537
1,hsa-miR-194-5p,448537
1,hsa-miR-194-5p,448537
1,hsa-miR-203a-3p,448537
1,hsa-miR-218-5p,448537
1,hsa-miR-22-3p,448537
1,hsa-miR-26a-5p,448537
1,hsa-miR-323a-5p,448537
1,hsa-miR-345-5p,448537
1,hsa-miR-346,448537
1,hsa-miR-370-3p,448537
1,hsa-miR-373-3p,448537
1,hsa-miR-375-3p,448537
1,hsa-miR-409-5p,448537
1,hsa-miR-422a,448537
1,hsa-miR-488-3p,448537
1,hsa-miR-492,448537
1,hsa-miR-493-3p,448537
1,hsa-miR-497-5p,448537
1,hsa-miR-518a-5p,448537
1,hsa-miR-518b,448537
1,hsa-miR-518d-5p,448537
1,hsa-miR-520f-3p,448537
1,hsa-miR-526a-5p,448537
1,hsa-miR-551a,448537
1,hsa-miR-559,448537
1,hsa-miR-608,448537
1,hsa-miR-621,448537
1,hsa-miR-623,448537
1,hsa-miR-642a-5p,448537
1,hsa-miR-645,448537
1,hsa-miR-651-5p,448537
1,hsa-miR-653-5p,448537
1,hsa-miR-671-5p,448537
1,hsa-miR-758-3p,448537
1,hsa-miR-153-3p,451668
1,hsa-miR-103a-3p,451668
1,hsa-miR-107,451668
1,hsa-miR-125b-5p,451668
1,hsa-miR-145-5p,451668
1,hsa-miR-155-5p,451668
1,hsa-miR-16-5p,451668
1,hsa-miR-181d-5p,451668
1,hsa-miR-182-5p,451668
1,hsa-miR-191-5p,451668
1,hsa-miR-193a-3p,451668
1,hsa-miR-193b-3p,451668
1,hsa-miR-19a-3p,451668
1,hsa-miR-20a-5p,451668
1,hsa-miR-20b-5p,451668
1,hsa-miR-214-3p,451668
1,hsa-miR-22-3p,451668
1,hsa-miR-23b-3p,451668
1,hsa-miR-24-3p,451668
1,hsa-miR-25-3p,451668
1,hsa-miR-27a-3p,451668
1,hsa-miR-29a-3p,451668
1,hsa-miR-29b-3p,451668
1,hsa-miR-302c-3p,451668
1,hsa-miR-30b-5p,451668
1,hsa-miR-31-5p,451668
1,hsa-miR-320a-3p,451668
1,hsa-miR-34a-5p,451668
1,hsa-miR-378a-3p,451668
1,hsa-miR-424-5p,451668
1,hsa-miR-494-3p,451668
1,hsa-miR-638,451668
1,hsa-miR-93-5p,451668
1,hsa-miR-126-3p,451668
1,hsa-miR-127-3p,451668
1,hsa-miR-132-3p,451668
1,hsa-miR-134-5p,451668
1,hsa-miR-182-5p,451668
1,hsa-miR-183-5p,451668
1,hsa-miR-192-5p,451668
1,hsa-miR-193b-3p,451668
1,hsa-miR-376c-3p,451668
1,hsa-miR-377-3p,451668
1,hsa-miR-494-3p,451668
1,hsa-miR-495-3p,451668
1,hsa-miR-498-5p,451668
1,hsa-miR-512-3p,451668
1,hsa-miR-515-5p,451668
1,hsa-miR-517a-3p,451668
1,hsa-miR-517b-3p,451668
1,hsa-miR-145-5p,451668
1,hsa-miR-103a-3p,451668
1,hsa-miR-107,451668
1,hsa-miR-127-3p,451668
1,hsa-miR-129-2-3p,451668
1,hsa-miR-16-5p,451668
1,hsa-miR-181d-5p,451668
1,hsa-miR-182-5p,451668
1,hsa-miR-191-5p,451668
1,hsa-miR-193a-3p,451668
1,hsa-miR-193a-5p,451668
1,hsa-miR-19a-3p,451668
1,hsa-miR-20a-5p,451668
1,hsa-miR-20b-5p,451668
1,hsa-miR-214-3p,451668
1,hsa-miR-22-3p,451668
1,hsa-miR-23b-3p,451668
1,hsa-miR-24-3p,451668
1,hsa-miR-25-3p,451668
1,hsa-miR-25-5p,451668
1,hsa-miR-27a-3p,451668
1,hsa-miR-29a-3p,451668
1,hsa-miR-29b-3p,451668
1,hsa-miR-30b-5p,451668
1,hsa-miR-31-5p,451668
1,hsa-miR-320a-3p,451668
1,hsa-miR-34b-3p,451668
1,hsa-miR-378a-3p,451668
1,hsa-miR-409-5p,451668
1,hsa-miR-494-3p,451668
1,hsa-miR-570-3p,451668
1,hsa-miR-760,451668
1,hsa-miR-93-5p,451668
1,hsa-miR-181b-5p,452548
1,hsa-miR-15a-5p,460612
1,hsa-miR-16-5p,460612
1,hsa-miR-122-5p,462382
1,hsa-let-7a-5p,969516
1,hsa-let-7g-3p,969516
1,hsa-miR-103a-3p,969516
1,hsa-miR-15a-5p,969516
1,hsa-miR-15a-5p,969516
1,hsa-miR-16-5p,969516
1,hsa-miR-16-5p,969516
1,hsa-miR-181a-5p,969516
1,hsa-miR-181b-5p,969516
1,hsa-miR-181d-5p,969516
1,hsa-miR-200c-3p,969516
1,hsa-miR-203a-3p,969516
1,hsa-miR-21-5p,969516
1,hsa-miR-22-3p,969516
1,hsa-miR-23a-3p,969516
1,hsa-miR-23b-3p,969516
1,hsa-miR-24-3p,969516
1,hsa-miR-27a-3p,969516
1,hsa-miR-34a-5p,969516
1,hsa-miR-34a-5p,969516
1,hsa-miR-503-5p,969516
1,hsa-miR-26a-5p,2733526
1,hsa-miR-152-3p,3028194
1,hsa-miR-155-5p,3028194
1,hsa-miR-221-3p,3028194
1,hsa-miR-34a-5p,3028194
1,hsa-miR-101-3p,5222465
1,hsa-miR-143-3p,5222465
1,hsa-miR-145-5p,5222465
1,hsa-miR-1181,5280453
1,hsa-miR-134-5p,5280453
1,hsa-miR-135a-3p,5280453
1,hsa-miR-1915-3p,5280453
1,hsa-miR-27b-3p,5280453
1,hsa-miR-29a-3p,5280453
1,hsa-miR-32-5p,5280453
1,hsa-miR-371a-5p,5280453
1,hsa-miR-542-5p,5280453
1,hsa-miR-629-3p,5280453
1,hsa-miR-663a,5280453
1,hsa-miR-98-5p,5280453
1,hsa-miR-126-3p,5280453
1,hsa-miR-15a-5p,5280453
1,hsa-miR-181c-5p,5280453
1,hsa-miR-20b-5p,5280453
1,hsa-miR-411-5p,5280453
1,hsa-miR-659-3p,5280453
1,hsa-miR-1207-5p,5280453
1,hsa-miR-134-5p,5280453
1,hsa-miR-22-3p,5280453
1,hsa-miR-29b-3p,5280453
1,hsa-miR-663a,5280453
1,hsa-let-7a-5p,5280795
1,hsa-let-7d-5p,5280795
1,hsa-let-7f-5p,5280795
1,hsa-miR-133b,5280795
1,hsa-miR-146a-5p,5280795
1,hsa-miR-151a-3p,5280795
1,hsa-miR-151a-5p,5280795
1,hsa-miR-15b-5p,5280795
1,hsa-miR-191-5p,5280795
1,hsa-miR-203a-3p,5280795
1,hsa-miR-221-3p,5280795
1,hsa-miR-26a-5p,5280795
1,hsa-miR-28-5p,5280795
1,hsa-miR-331-3p,5280795
1,hsa-miR-338-3p,5280795
1,hsa-miR-339-5p,5280795
1,hsa-miR-374b-5p,5280795
1,hsa-miR-532-3p,5280795
1,hsa-miR-543,5280795
1,hsa-miR-766-3p,5280795
1,hsa-miR-99b-5p,5280795
1,hsa-miR-34a-5p,5280961
1,hsa-miR-145-5p,5280961
1,hsa-miR-145-5p,5280961
1,hsa-miR-148a-3p,5281708
1,hsa-miR-328-3p,5281708
1,hsa-miR-34a-5p,5282350
1,hsa-miR-125a-3p,5283344
1,hsa-miR-339-5p,5283344
1,hsa-miR-660-5p,5283344
1,hsa-miR-663a,5283344
1,hsa-miR-24-3p,5284373
1,hsa-miR-9-5p,5288209
1,hsa-miR-103a-3p,5288826
1,hsa-miR-107,5288826
1,hsa-miR-132-3p,5288826
1,hsa-miR-146a-5p,5288826
1,hsa-miR-150-5p,5288826
1,hsa-miR-155-5p,5288826
1,hsa-miR-15b-5p,5288826
1,hsa-miR-16-5p,5288826
1,hsa-miR-221-3p,5288826
1,hsa-miR-23a-3p,5288826
1,hsa-miR-23b-3p,5288826
1,hsa-miR-24-3p,5288826
1,hsa-miR-30c-5p,5288826
1,hsa-miR-218-5p,5318517
1,hsa-miR-10a-5p,5329102
1,hsa-miR-21-5p,5329102
1,hsa-miR-221-3p,5329102
1,hsa-miR-222-3p,5329102
1,hsa-miR-106a-5p,5702198
1,hsa-miR-1268a,5702198
1,hsa-miR-142-5p,5702198
1,hsa-miR-16-5p,5702198
1,hsa-miR-16-5p,5702198
1,hsa-miR-17-5p,5702198
1,hsa-miR-181a-5p,5702198
1,hsa-miR-182-5p,5702198
1,hsa-miR-192-5p,5702198
1,hsa-miR-204-5p,5702198
1,hsa-miR-21-5p,5702198
1,hsa-miR-23b-3p,5702198
1,hsa-miR-27b-3p,5702198
1,hsa-miR-30d-5p,5702198
1,hsa-miR-3125,5702198
1,hsa-miR-320a-3p,5702198
1,hsa-miR-325,5702198
1,hsa-miR-340-5p,5702198
1,hsa-miR-342-3p,5702198
1,hsa-miR-380-5p,5702198
1,hsa-miR-381-3p,5702198
1,hsa-miR-3974,5702198
1,hsa-miR-411-3p,5702198
1,hsa-miR-425-5p,5702198
1,hsa-miR-449a,5702198
1,hsa-miR-449b-3p,5702198
1,hsa-miR-4633-5p,5702198
1,hsa-miR-4639-5p,5702198
1,hsa-miR-4659b-5p,5702198
1,hsa-miR-4668-5p,5702198
1,hsa-miR-4727-3p,5702198
1,hsa-miR-4745-5p,5702198
1,hsa-miR-4767,5702198
1,hsa-miR-4768-5p,5702198
1,hsa-miR-487b-3p,5702198
1,hsa-miR-520e-3p,5702198
1,hsa-miR-520f-3p,5702198
1,hsa-miR-877-3p,5702198
1,hsa-miR-98-5p,5702198
1,hsa-miR-125a-3p,6445533
1,hsa-miR-125b-5p,6445533
1,hsa-miR-200c-3p,6445533
1,hsa-miR-320a-3p,6445533
1,hsa-miR-320a-3p,6445533
1,hsa-miR-92a-3p,6445533
1,hsa-miR-181a-5p,9547215
1,hsa-miR-497-5p,9547215
1,hsa-miR-21-5p,9576410
1,hsa-miR-422a,9949648
1,hsa-miR-4732-5p,9949648
1,hsa-miR-4758-3p,9949648
1,hsa-miR-92b-3p,9949648
1,hsa-let-7a-5p,21633059
1,hsa-let-7a-5p,25113114
1,hsa-let-7b-5p,25113114
1,hsa-let-7c-5p,25113114
1,hsa-let-7d-5p,25113114
1,hsa-miR-101-3p,25113114
1,hsa-miR-146a-5p,25113114
1,hsa-miR-200b-3p,25113114
1,hsa-miR-200c-3p,25113114
1,hsa-miR-26a-5p,25113114
1,hsa-miR-34a-5p,25113114
1,hsa-miR-34c-5p,25113114
1,hsa-miR-200b-3p,25113114
1,hsa-miR-200c-3p,25113114
1,hsa-miR-145-5p,42611257
1,hsa-let-7a-5p,46843772
1,hsa-miR-143-3p,46843772
1,hsa-miR-144-3p,46843772
1,hsa-miR-145-5p,46843772
1,hsa-miR-100-5p,46937290
1,hsa-miR-10a-5p,46937290
1,hsa-miR-125a-5p,46937290
1,hsa-miR-126-3p,46937290
1,hsa-miR-139-3p,46937290
1,hsa-miR-140-5p,46937290
1,hsa-miR-142-3p,46937290
1,hsa-miR-145-5p,46937290
1,hsa-miR-146a-5p,46937290
1,hsa-miR-146b-5p,46937290
1,hsa-miR-150-5p,46937290
1,hsa-miR-155-5p,46937290
1,hsa-miR-15b-5p,46937290
1,hsa-miR-16-5p,46937290
1,hsa-miR-181a-5p,46937290
1,hsa-miR-181a-5p,46937290
1,hsa-miR-195-5p,46937290
1,hsa-miR-19b-3p,46937290
1,hsa-miR-21-5p,46937290
1,hsa-miR-214-3p,46937290
1,hsa-miR-222-3p,46937290
1,hsa-miR-223-3p,46937290
1,hsa-miR-27a-3p,46937290
1,hsa-miR-29a-3p,46937290
1,hsa-miR-29b-3p,46937290
1,hsa-miR-29c-3p,46937290
1,hsa-miR-323a-5p,46937290
1,hsa-miR-339-3p,46937290
1,hsa-miR-342-3p,46937290
1,hsa-miR-34a-5p,46937290
1,hsa-miR-502-3p,46937290
1,hsa-miR-93-5p,46937290
1,hsa-miR-99a-5p,46937290
1,hsa-miR-99b-5p,46937290
1,hsa-miR-1181,54670067
1,hsa-miR-1225-5p,54670067
1,hsa-miR-1228-3p,54670067
1,hsa-miR-1246,54670067
1,hsa-miR-1268a,54670067
1,hsa-miR-134-5p,54670067
1,hsa-miR-135a-5p,54670067
1,hsa-miR-1915-3p,54670067
1,hsa-miR-197-3p,54670067
1,hsa-miR-1972,54670067
1,hsa-miR-1973,54670067
1,hsa-miR-2117,54670067
1,hsa-miR-339-3p,54670067
1,hsa-miR-345-5p,54670067
1,hsa-miR-375-3p,54670067
1,hsa-miR-422a,54670067
1,hsa-miR-490-3p,54670067
1,hsa-miR-490-5p,54670067
1,hsa-miR-516a-3p,54670067
1,hsa-miR-564,54670067
1,hsa-miR-583,54670067
1,hsa-miR-596,54670067
1,hsa-miR-614,54670067
1,hsa-miR-617,54670067
1,hsa-miR-629-5p,54670067
1,hsa-miR-630,54670067
1,hsa-miR-662,54670067
1,hsa-miR-663a,54670067
1,hsa-miR-708-5p,54670067
1,hsa-miR-718,54670067
1,hsa-miR-887-5p,54670067
1,hsa-miR-99b-5p,54670067
1,hsa-miR-1-3p,56842238
1,hsa-miR-208b-3p,56842238
1,hsa-miR-23a-3p,56842238
1,hsa-miR-499a-5p,56842238
1,hsa-miR-379-5p,135398735
1,hsa-miR-21-5p,146160902
1,hsa-miR-26a-5p,146160902
1,hsa-miR-26b-5p,146160902
1,hsa-miR-30b-5p,146160902
1,hsa-miR-98-5p,146160902
1,hsa-miR-100-5p,146160902
1,hsa-miR-1228-5p,146160902
1,hsa-miR-1246,146160902
1,hsa-miR-125a-3p,146160902
1,hsa-miR-125a-5p,146160902
1,hsa-miR-1268a,146160902
1,hsa-miR-149-3p,146160902
1,hsa-miR-1908-5p,146160902
1,hsa-miR-195-5p,146160902
1,hsa-miR-21-5p,146160902
1,hsa-miR-23a-3p,146160902
1,hsa-miR-26a-5p,146160902
1,hsa-miR-26b-5p,146160902
1,hsa-miR-28-5p,146160902
1,hsa-miR-29b-3p,146160902
1,hsa-miR-30b-5p,146160902
1,hsa-miR-30c-5p,146160902
1,hsa-miR-30d-5p,146160902
1,hsa-miR-663a,146160902
1,hsa-miR-98-5p,146160902
2,hsa-miR-130a-3p,241
2,hsa-miR-133a-3p,241
2,hsa-miR-142-5p,241
2,hsa-miR-223-3p,241
2,hsa-miR-27b-3p,241
2,hsa-miR-320b,241
2,hsa-miR-543,241
2,hsa-miR-182-5p,702
2,hsa-miR-183-5p,702
2,hsa-miR-25-3p,702
2,hsa-let-7a-5p,712
2,hsa-let-7b-5p,712
2,hsa-let-7c-5p,712
2,hsa-let-7d-5p,712
2,hsa-let-7e-5p,712
2,hsa-let-7f-5p,712
2,hsa-let-7g-5p,712
2,hsa-let-7i-5p,712
2,hsa-miR-100-5p,712
2,hsa-miR-101-3p,712
2,hsa-miR-103a-3p,712
2,hsa-miR-106a-5p,712
2,hsa-miR-106b-5p,712
2,hsa-miR-107,712
2,hsa-miR-10a-5p,712
2,hsa-miR-10b-5p,712
2,hsa-miR-125a-3p,712
2,hsa-miR-126-3p,712
2,hsa-miR-130a-3p,712
2,hsa-miR-130b-3p,712
2,hsa-miR-137-3p,712
2,hsa-miR-140-5p,712
2,hsa-miR-148b-3p,712
2,hsa-miR-151a-3p,712
2,hsa-miR-152-3p,712
2,hsa-miR-15a-5p,712
2,hsa-miR-15b-5p,712
2,hsa-miR-16-5p,712
2,hsa-miR-17-3p,712
2,hsa-miR-17-5p,712
2,hsa-miR-181a-5p,712
2,hsa-miR-181a-5p,712
2,hsa-miR-181b-5p,712
2,hsa-miR-181d-5p,712
2,hsa-miR-182-5p,712
2,hsa-miR-185-5p,712
2,hsa-miR-186-5p,712
2,hsa-miR-18a-5p,712
2,hsa-miR-192-5p,712
2,hsa-miR-194-5p,712
2,hsa-miR-19a-3p,712
2,hsa-miR-19b-3p,712
2,hsa-miR-20a-5p,712
2,hsa-miR-20b-5p,712
2,hsa-miR-21-5p,712
2,hsa-miR-215-5p,712
2,hsa-miR-224-5p,712
2,hsa-miR-23a-3p,712
2,hsa-miR-23b-3p,712
2,hsa-miR-24-3p,712
2,hsa-miR-25-3p,712
2,hsa-miR-26a-5p,712
2,hsa-miR-26b-5p,712
2,hsa-miR-27a-3p,712
2,hsa-miR-27b-3p,712
2,hsa-miR-28-5p,712
2,hsa-miR-29b-3p,712
2,hsa-miR-301a-3p,712
2,hsa-miR-323a-5p,712
2,hsa-miR-33a-5p,712
2,hsa-miR-33a-5p,712
2,hsa-miR-330-3p,712
2,hsa-miR-330-3p,712
2,hsa-miR-331-3p,712
2,hsa-miR-34a-5p,712
2,hsa-miR-34b-3p,712
2,hsa-miR-361-5p,712
2,hsa-miR-363-3p,712
2,hsa-miR-374a-5p,712
2,hsa-miR-378a-3p,712
2,hsa-miR-424-5p,712
2,hsa-miR-425-5p,712
2,hsa-miR-450a-5p,712
2,hsa-miR-452-5p,712
2,hsa-miR-454-3p,712
2,hsa-miR-487b-3p,712
2,hsa-miR-501-5p,712
2,hsa-miR-509-3p,712
2,hsa-miR-532-5p,712
2,hsa-miR-550a-3p,712
2,hsa-miR-582-5p,712
2,hsa-miR-590-5p,712
2,hsa-miR-650,712
2,hsa-miR-652-3p,712
2,hsa-miR-660-5p,712
2,hsa-miR-9-5p,712
2,hsa-miR-93-5p,712
2,hsa-miR-98-5p,712
2,hsa-miR-99a-5p,712
2,hsa-miR-1-3p,784
2,hsa-miR-124-3p,1832
2,hsa-miR-18a-5p,1832
2,hsa-miR-21-5p,2272
2,hsa-miR-146a-5p,2336
2,hsa-miR-638,2336
2,hsa-miR-106a-5p,2375
2,hsa-miR-141-3p,2375
2,hsa-miR-144-3p,2375
2,hsa-miR-149-5p,2375
2,hsa-miR-17-5p,2375
2,hsa-miR-200a-3p,2375
2,hsa-miR-200b-3p,2375
2,hsa-miR-210-3p,2375
2,hsa-miR-30b-5p,2375
2,hsa-miR-30d-5p,2375
2,hsa-miR-32-5p,2375
2,hsa-miR-345-5p,2375
2,hsa-miR-363-3p,2375
2,hsa-miR-375-3p,2375
2,hsa-miR-429,2375
2,hsa-miR-557,2375
2,hsa-miR-629-3p,2375
2,hsa-miR-631,2375
2,hsa-miR-663a,2375
2,hsa-miR-9-5p,2375
2,hsa-miR-9-3p,2375
2,hsa-miR-29c-3p,2662
2,hsa-miR-124-3p,2995
2,hsa-miR-328-3p,2995
2,hsa-miR-92a-3p,3071
2,hsa-miR-125a-3p,3121
2,hsa-miR-31-5p,3121
2,hsa-let-7a-3p,3220
2,hsa-miR-1238-3p,3220
2,hsa-miR-125b-5p,3220
2,hsa-miR-125b-5p,3220
2,hsa-miR-1268a,3220
2,hsa-miR-1290,3220
2,hsa-miR-135a-5p,3220
2,hsa-miR-135b-5p,3220
2,hsa-miR-137-3p,3220
2,hsa-miR-153-3p,3220
2,hsa-miR-18b-3p,3220
2,hsa-miR-199a-3p,3220
2,hsa-miR-199b-3p,3220
2,hsa-miR-218-5p,3220
2,hsa-miR-221-3p,3220
2,hsa-miR-222-3p,3220
2,hsa-miR-222-3p,3220
2,hsa-miR-302d-3p,3220
2,hsa-miR-32-3p,3220
2,hsa-miR-363-3p,3220
2,hsa-miR-373-3p,3220
2,hsa-miR-374b-3p,3220
2,hsa-miR-490-5p,3220
2,hsa-miR-504-5p,3220
2,hsa-miR-512-3p,3220
2,hsa-miR-590-3p,3220
2,hsa-miR-632,3220
2,hsa-miR-675-5p,3220
2,hsa-miR-938,3220
2,hsa-let-7i-5p,3229
2,hsa-miR-128-3p,3229
2,hsa-let-7e-5p,3385
2,hsa-let-7g-5p,3385
2,hsa-miR-106a-5p,3385
2,hsa-miR-106b-5p,3385
2,hsa-miR-10a-5p,3385
2,hsa-miR-125a-5p,3385
2,hsa-miR-1275,3385
2,hsa-miR-128-3p,3385
2,hsa-miR-151a-5p,3385
2,hsa-miR-15a-5p,3385
2,hsa-miR-15b-5p,3385
2,hsa-miR-17-5p,3385
2,hsa-miR-182-5p,3385
2,hsa-miR-18a-5p,3385
2,hsa-miR-191-5p,3385
2,hsa-miR-197-3p,3385
2,hsa-miR-200b-3p,3385
2,hsa-miR-200c-3p,3385
2,hsa-miR-203a-3p,3385
2,hsa-miR-20a-5p,3385
2,hsa-miR-21-5p,3385
2,hsa-miR-210-3p,3385
2,hsa-miR-222-3p,3385
2,hsa-miR-224-5p,3385
2,hsa-miR-24-3p,3385
2,hsa-miR-25-3p,3385
2,hsa-miR-26b-5p,3385
2,hsa-miR-27a-3p,3385
2,hsa-miR-27b-3p,3385
2,hsa-miR-29a-3p,3385
2,hsa-miR-30a-5p,3385
2,hsa-miR-31-5p,3385
2,hsa-miR-320a-3p,3385
2,hsa-miR-320c,3385
2,hsa-miR-320d,3385
2,hsa-miR-365a-3p,3385
2,hsa-miR-374b-5p,3385
2,hsa-miR-423-5p,3385
2,hsa-miR-454-3p,3385
2,hsa-miR-7-5p,3385
2,hsa-miR-877-5p,3385
2,hsa-miR-92a-3p,3385
2,hsa-miR-93-5p,3385
2,hsa-miR-124-3p,3386
2,hsa-miR-124-3p,3564
2,hsa-miR-18a-5p,3564
2,hsa-let-7a-5p,3652
2,hsa-miR-155-5p,3652
2,hsa-miR-21-5p,3652
2,hsa-miR-124-3p,4095
2,hsa-miR-18a-5p,4095
2,hsa-miR-124-3p,4158
2,hsa-miR-18a-5p,4158
2,hsa-miR-323a-3p,4212
2,hsa-let-7d-3p,4624
2,hsa-miR-323a-3p,4624
2,hsa-miR-668-3p,4624
2,hsa-miR-99b-3p,4624
2,hsa-miR-365a-3p,5073
2,hsa-miR-520c-3p,5073
2,hsa-miR-106a-5p,5311
2,hsa-miR-155-5p,5311
2,hsa-miR-17-3p,5311
2,hsa-miR-193b-5p,5311
2,hsa-miR-200b-3p,5311
2,hsa-miR-30c-1-3p,5311
2,hsa-miR-30e-3p,5311
2,hsa-miR-345-5p,5311
2,hsa-miR-516a-5p,5311
2,hsa-miR-548c-3p,5311
2,hsa-miR-593-3p,5311
2,hsa-miR-760,5311
2,hsa-miR-877-3p,5311
2,hsa-miR-92a-3p,5311
2,hsa-miR-936,5311
2,hsa-miR-99b-5p,5311
2,hsa-miR-24-3p,5394
2,hsa-miR-125b-5p,5394
2,hsa-miR-195-5p,5394
2,hsa-miR-26a-5p,5394
2,hsa-miR-9-5p,5394
2,hsa-miR-148a-3p,5743
2,hsa-miR-27a-3p,5743
2,hsa-miR-27b-3p,5743
2,hsa-miR-323a-3p,5743
2,hsa-miR-451a,5743
2,hsa-let-7c-5p,5757
2,hsa-let-7f-5p,5757
2,hsa-let-7g-5p,5757
2,hsa-miR-1-3p,5757
2,hsa-miR-10b-5p,5757
2,hsa-miR-124-3p,5757
2,hsa-miR-126-3p,5757
2,hsa-miR-126-5p,5757
2,hsa-miR-128-3p,5757
2,hsa-miR-128-3p,5757
2,hsa-miR-143-3p,5757
2,hsa-miR-146a-5p,5757
2,hsa-miR-15b-5p,5757
2,hsa-miR-21-5p,5757
2,hsa-miR-211-5p,5757
2,hsa-miR-216a-5p,5757
2,hsa-miR-23a-3p,5757
2,hsa-miR-23b-3p,5757
2,hsa-miR-27a-3p,5757
2,hsa-miR-27b-3p,5757
2,hsa-miR-302b-5p,5757
2,hsa-miR-337-3p,5757
2,hsa-miR-34b-3p,5757
2,hsa-miR-409-5p,5757
2,hsa-miR-506-3p,5757
2,hsa-miR-518c-5p,5757
2,hsa-miR-518d-3p,5757
2,hsa-miR-518e-3p,5757
2,hsa-miR-524-3p,5757
2,hsa-miR-524-5p,5757
2,hsa-miR-526b-5p,5757
2,hsa-miR-542-3p,5757
2,hsa-miR-9-5p,5757
2,hsa-miR-143-3p,5757
2,hsa-miR-16-5p,5757
2,hsa-miR-203a-3p,5757
2,hsa-miR-34b-3p,5757
2,hsa-miR-24-3p,5790
2,hsa-miR-1-3p,5793
2,hsa-miR-105-5p,5793
2,hsa-miR-129-2-3p,5793
2,hsa-miR-129-5p,5793
2,hsa-miR-135a-5p,5793
2,hsa-miR-139-3p,5793
2,hsa-miR-141-3p,5793
2,hsa-miR-142-5p,5793
2,hsa-miR-147a,5793
2,hsa-miR-16-5p,5793
2,hsa-miR-182-5p,5793
2,hsa-miR-188-3p,5793
2,hsa-miR-190a-5p,5793
2,hsa-miR-195-5p,5793
2,hsa-miR-199a-5p,5793
2,hsa-miR-199b-5p,5793
2,hsa-miR-200b-3p,5793
2,hsa-miR-208a-3p,5793
2,hsa-miR-296-3p,5793
2,hsa-miR-29a-3p,5793
2,hsa-miR-29b-3p,5793
2,hsa-miR-29c-3p,5793
2,hsa-miR-302b-3p,5793
2,hsa-miR-302c-3p,5793
2,hsa-miR-330-5p,5793
2,hsa-miR-346,5793
2,hsa-miR-34c-5p,5793
2,hsa-miR-362-3p,5793
2,hsa-miR-367-3p,5793
2,hsa-miR-372-3p,5793
2,hsa-miR-374b-5p,5793
2,hsa-miR-383-5p,5793
2,hsa-miR-429,5793
2,hsa-miR-449a,5793
2,hsa-miR-449b-5p,5793
2,hsa-miR-454-5p,5793
2,hsa-miR-485-5p,5793
2,hsa-miR-488-3p,5793
2,hsa-miR-489-5p,5793
2,hsa-miR-501-5p,5793
2,hsa-miR-502-5p,5793
2,hsa-miR-508-3p,5793
2,hsa-miR-509-5p,5793
2,hsa-miR-515-3p,5793
2,hsa-miR-516b-5p,5793
2,hsa-miR-518d-5p,5793
2,hsa-miR-518f-3p,5793
2,hsa-miR-519d-3p,5793
2,hsa-miR-520a-3p,5793
2,hsa-miR-520b-3p,5793
2,hsa-miR-520e-3p,5793
2,hsa-miR-520f-3p,5793
2,hsa-miR-521,5793
2,hsa-miR-523-3p,5793
2,hsa-miR-525-5p,5793
2,hsa-miR-526b-5p,5793
2,hsa-miR-532-5p,5793
2,hsa-miR-542-5p,5793
2,hsa-miR-545-3p,5793
2,hsa-miR-548b-5p,5793
2,hsa-miR-548d-5p,5793
2,hsa-miR-570-3p,5793
2,hsa-miR-576-3p,5793
2,hsa-miR-576-5p,5793
2,hsa-miR-582-3p,5793
2,hsa-miR-589-3p,5793
2,hsa-miR-616-5p,5793
2,hsa-miR-651-5p,5793
2,hsa-miR-654-3p,5793
2,hsa-miR-654-5p,5793
2,hsa-miR-708-5p,5793
2,hsa-miR-874-3p,5793
2,hsa-miR-875-3p,5793
2,hsa-miR-887-5p,5793
2,hsa-miR-888-5p,5793
2,hsa-miR-889-5p,5793
2,hsa-miR-891a-5p,5793
2,hsa-miR-96-5p,5793
2,hsa-let-7a-5p,5865
2,hsa-miR-146a-5p,5865
2,hsa-miR-21-5p,5865
2,hsa-miR-494-3p,5978
2,hsa-miR-93-5p,5978
2,hsa-miR-101-3p,5994
2,hsa-miR-1229-3p,5994
2,hsa-miR-130a-3p,5994
2,hsa-miR-141-3p,5994
2,hsa-miR-193b-3p,5994
2,hsa-miR-19b-3p,5994
2,hsa-miR-20a-5p,5994
2,hsa-miR-212-3p,5994
2,hsa-miR-29b-3p,5994
2,hsa-miR-29c-3p,5994
2,hsa-miR-301a-3p,5994
2,hsa-miR-30b-5p,5994
2,hsa-miR-30e-5p,5994
2,hsa-miR-32-5p,5994
2,hsa-miR-323a-5p,5994
2,hsa-miR-370-3p,5994
2,hsa-miR-371a-5p,5994
2,hsa-miR-374a-5p,5994
2,hsa-miR-487b-3p,5994
2,hsa-miR-525-5p,5994
2,hsa-miR-633,5994
2,hsa-miR-17-5p,6013
2,hsa-miR-20a-5p,6013
2,hsa-miR-20b-5p,6013
2,hsa-miR-124-3p,6089
2,hsa-miR-18a-5p,6089
2,hsa-miR-23a-3p,6279
2,hsa-miR-542-3p,6279
2,hsa-let-7c-5p,6623
2,hsa-let-7f-5p,6623
2,hsa-let-7g-5p,6623
2,hsa-miR-15b-5p,6623
2,hsa-miR-21-5p,6623
2,hsa-miR-27b-3p,6623
2,hsa-let-7a-5p,6842
2,hsa-miR-16-5p,6842
2,hsa-miR-17-5p,6842
2,hsa-miR-196a-5p,6842
2,hsa-miR-21-5p,6842
2,hsa-miR-30a-5p,6842
2,hsa-miR-224-5p,8642
2,hsa-miR-24-1-5p,8642
2,hsa-miR-125b-5p,9444
2,hsa-miR-17-5p,9444
2,hsa-miR-18a-5p,9444
2,hsa-miR-19a-3p,9444
2,hsa-miR-19b-3p,9444
2,hsa-miR-20a-5p,9444
2,hsa-miR-1225-5p,10635
2,hsa-miR-150-3p,10635
2,hsa-miR-194-5p,10635
2,hsa-miR-221-3p,10635
2,hsa-miR-375-3p,10635
2,hsa-miR-630,10635
2,hsa-miR-638,10635
2,hsa-miR-940,10635
2,hsa-miR-15b-5p,13089
2,hsa-miR-21-5p,13089
2,hsa-miR-27b-3p,13089
2,hsa-miR-148a-3p,13342
2,hsa-miR-27a-3p,13342
2,hsa-miR-27b-3p,13342
2,hsa-miR-323a-3p,13342
2,hsa-miR-328-3p,13342
2,hsa-miR-451a,13342
2,hsa-miR-19a-3p,14888
2,hsa-miR-19a-3p,14888
2,hsa-miR-210-3p,14888
2,hsa-miR-125b-5p,24360
2,hsa-miR-155-5p,24360
2,hsa-miR-17-5p,24360
2,hsa-miR-16-5p,24497
2,hsa-miR-22-3p,24497
2,hsa-miR-27a-3p,24497
2,hsa-miR-31-5p,24497
2,hsa-miR-93-5p,24497
2,hsa-miR-671-5p,31101
2,hsa-miR-552-3p,31401
2,hsa-miR-568,31401
2,hsa-miR-603,31401
2,hsa-miR-620,31401
2,hsa-miR-27b-3p,31703
2,hsa-miR-518c-3p,31703
2,hsa-miR-27b-3p,36314
2,hsa-miR-29c-3p,36314
2,hsa-miR-323a-3p,36314
2,hsa-miR-451a,36314
2,hsa-let-7a-5p,36462
2,hsa-let-7b-5p,36462
2,hsa-miR-100-5p,36462
2,hsa-miR-125b-5p,36462
2,hsa-miR-15b-5p,36462
2,hsa-miR-222-3p,36462
2,hsa-miR-302b-3p,41867
2,hsa-miR-130b-3p,47725
2,hsa-miR-149-5p,47725
2,hsa-miR-200a-3p,47725
2,hsa-miR-200b-3p,47725
2,hsa-miR-203a-3p,47725
2,hsa-miR-210-3p,47725
2,hsa-miR-301a-3p,47725
2,hsa-miR-429,47725
2,hsa-miR-9-5p,47725
2,hsa-miR-9-3p,47725
2,hsa-miR-142-5p,60700
2,hsa-miR-24-3p,60700
2,hsa-let-7b-5p,60750
2,hsa-miR-10a-5p,60750
2,hsa-miR-128-3p,60750
2,hsa-miR-129-2-3p,60750
2,hsa-miR-133a-3p,60750
2,hsa-miR-139-5p,60750
2,hsa-miR-149-5p,60750
2,hsa-miR-154-5p,60750
2,hsa-miR-155-5p,60750
2,hsa-miR-186-5p,60750
2,hsa-miR-187-3p,60750
2,hsa-miR-197-3p,60750
2,hsa-miR-199a-3p,60750
2,hsa-miR-204-5p,60750
2,hsa-miR-205-5p,60750
2,hsa-miR-21-5p,60750
2,hsa-miR-211-5p,60750
2,hsa-miR-212-3p,60750
2,hsa-miR-181a-3p,60750
2,hsa-miR-299-3p,60750
2,hsa-miR-323a-3p,60750
2,hsa-miR-323a-5p,60750
2,hsa-miR-326,60750
2,hsa-miR-328-3p,60750
2,hsa-miR-329-3p,60750
2,hsa-miR-337-3p,60750
2,hsa-miR-339-5p,60750
2,hsa-miR-342-3p,60750
2,hsa-miR-345-5p,60750
2,hsa-miR-346,60750
2,hsa-miR-373-5p,60750
2,hsa-miR-409-5p,60750
2,hsa-miR-412-3p,60750
2,hsa-miR-132-3p,60750
2,hsa-miR-330-3p,60750
2,hsa-miR-339-5p,60750
2,hsa-miR-1227-3p,60823
2,hsa-miR-1255a,60823
2,hsa-miR-1267,60823
2,hsa-miR-146b-5p,60823
2,hsa-miR-147a,60823
2,hsa-miR-1827,60823
2,hsa-miR-194-5p,60823
2,hsa-miR-221-3p,60823
2,hsa-miR-222-3p,60823
2,hsa-miR-323b-5p,60823
2,hsa-miR-494-3p,60823
2,hsa-miR-500a-5p,60823
2,hsa-miR-539-5p,60823
2,hsa-miR-548d-5p,60823
2,hsa-miR-549a-3p,60823
2,hsa-miR-550a-5p,60823
2,hsa-miR-573,60823
2,hsa-miR-647,60823
2,hsa-miR-651-5p,60823
2,hsa-miR-892a,60823
2,hsa-miR-892b,60823
2,hsa-miR-24-3p,60838
2,hsa-miR-133a-3p,60852
2,hsa-miR-141-3p,60852
2,hsa-miR-19a-3p,60852
2,hsa-miR-92a-3p,72304
2,hsa-miR-148a-3p,73581
2,hsa-miR-451a,73581
2,hsa-miR-146a-5p,89594
2,hsa-miR-10a-5p,97226
2,hsa-miR-1271-5p,97226
2,hsa-miR-138-2-3p,97226
2,hsa-miR-142-3p,97226
2,hsa-miR-181a-2-3p,97226
2,hsa-miR-193b-5p,97226
2,hsa-miR-200b-3p,97226
2,hsa-miR-204-5p,97226
2,hsa-miR-216b-5p,97226
2,hsa-miR-224-3p,97226
2,hsa-miR-23b-5p,97226
2,hsa-miR-299-3p,97226
2,hsa-miR-29b-1-5p,97226
2,hsa-miR-335-3p,97226
2,hsa-miR-361-3p,97226
2,hsa-miR-370-3p,97226
2,hsa-miR-503-5p,97226
2,hsa-miR-758-3p,97226
2,hsa-miR-142-5p,107985
2,hsa-miR-155-5p,107985
2,hsa-miR-16-1-3p,107985
2,hsa-miR-181a-5p,107985
2,hsa-miR-21-5p,107985
2,hsa-miR-23a-3p,119104
2,hsa-miR-107,119307
2,hsa-miR-155-5p,119307
2,hsa-miR-16-5p,119307
2,hsa-miR-18a-5p,119307
2,hsa-miR-21-5p,119307
2,hsa-miR-210-3p,119307
2,hsa-miR-218-5p,119307
2,hsa-miR-25-3p,119307
2,hsa-miR-32-5p,119307
2,hsa-miR-328-3p,119307
2,hsa-miR-370-3p,119307
2,hsa-miR-92a-3p,119307
2,hsa-let-7e-5p,119307
2,hsa-miR-100-5p,119307
2,hsa-miR-101-3p,119307
2,hsa-miR-125b-5p,119307
2,hsa-miR-151a-3p,119307
2,hsa-miR-193a-3p,119307
2,hsa-miR-193b-3p,119307
2,hsa-miR-21-5p,119307
2,hsa-miR-21-3p,119307
2,hsa-miR-221-3p,119307
2,hsa-miR-224-5p,119307
2,hsa-miR-23b-3p,119307
2,hsa-miR-27b-3p,119307
2,hsa-miR-28-5p,119307
2,hsa-miR-30a-5p,119307
2,hsa-miR-31-5p,119307
2,hsa-miR-31-3p,119307
2,hsa-miR-3127-5p,119307
2,hsa-miR-365a-3p,119307
2,hsa-miR-424-5p,119307
2,hsa-miR-4252,119307
2,hsa-miR-486-5p,119307
2,hsa-miR-550a-3p,119307
2,hsa-miR-98-5p,119307
2,hsa-miR-142-3p,123596
2,hsa-miR-199b-5p,123596
2,hsa-miR-212-3p,123596
2,hsa-miR-320a-3p,123596
2,hsa-miR-328-3p,123596
2,hsa-let-7c-5p,124024
2,hsa-let-7d-5p,124024
2,hsa-let-7i-5p,124024
2,hsa-miR-100-5p,124024
2,hsa-miR-122-5p,124024
2,hsa-miR-125b-5p,124024
2,hsa-miR-128-1-5p,124024
2,hsa-miR-128-2-5p,124024
2,hsa-miR-132-3p,124024
2,hsa-miR-132-3p,124024
2,hsa-miR-133a-3p,124024
2,hsa-miR-133b,124024
2,hsa-miR-134-5p,124024
2,hsa-miR-137-3p,124024
2,hsa-miR-143-3p,124024
2,hsa-miR-144-3p,124024
2,hsa-miR-149-5p,124024
2,hsa-miR-150-5p,124024
2,hsa-miR-151a-3p,124024
2,hsa-miR-154-5p,124024
2,hsa-miR-17-5p,124024
2,hsa-miR-181a-5p,124024
2,hsa-miR-182-5p,124024
2,hsa-miR-186-5p,124024
2,hsa-miR-18a-5p,124024
2,hsa-miR-191-5p,124024
2,hsa-miR-194-5p,124024
2,hsa-miR-195-5p,124024
2,hsa-miR-196a-5p,124024
2,hsa-miR-196b-5p,124024
2,hsa-miR-197-3p,124024
2,hsa-miR-199a-5p,124024
2,hsa-miR-19a-3p,124024
2,hsa-miR-19b-3p,124024
2,hsa-miR-200a-3p,124024
2,hsa-miR-202-3p,124024
2,hsa-miR-208a-5p,124024
2,hsa-miR-212-3p,124024
2,hsa-miR-218-5p,124024
2,hsa-miR-223-3p,124024
2,hsa-miR-24-3p,124024
2,hsa-miR-25-3p,124024
2,hsa-miR-26a-5p,124024
2,hsa-miR-27a-3p,124024
2,hsa-miR-27b-3p,124024
2,hsa-miR-296-5p,124024
2,hsa-miR-299-3p,124024
2,hsa-miR-302b-3p,124024
2,hsa-miR-302c-3p,124024
2,hsa-miR-30b-5p,124024
2,hsa-miR-30d-5p,124024
2,hsa-miR-30e-5p,124024
2,hsa-miR-324-5p,124024
2,hsa-miR-326,124024
2,hsa-miR-335-5p,124024
2,hsa-miR-345-5p,124024
2,hsa-miR-346,124024
2,hsa-miR-34a-5p,124024
2,hsa-miR-361-5p,124024
2,hsa-miR-365a-3p,124024
2,hsa-miR-377-3p,124024
2,hsa-miR-381-3p,124024
2,hsa-miR-409-5p,124024
2,hsa-miR-423-3p,124024
2,hsa-miR-424-5p,124024
2,hsa-miR-450a-5p,124024
2,hsa-miR-451a,124024
2,hsa-miR-483-3p,124024
2,hsa-miR-484,124024
2,hsa-miR-485-5p,124024
2,hsa-miR-490-3p,124024
2,hsa-miR-492,124024
2,hsa-miR-500a-5p,124024
2,hsa-miR-501-5p,124024
2,hsa-miR-517a-3p,124024
2,hsa-miR-518b,124024
2,hsa-miR-520d-3p,124024
2,hsa-miR-524-3p,124024
2,hsa-miR-525-5p,124024
2,hsa-miR-526b-5p,124024
2,hsa-miR-542-5p,124024
2,hsa-miR-7-5p,124024
2,hsa-miR-9-5p,124024
2,hsa-miR-92a-3p,124024
2,hsa-miR-99b-5p,124024
2,hsa-miR-200b-3p,148124
2,hsa-let-7a-5p,162282
2,hsa-miR-16-5p,162282
2,hsa-miR-17-5p,162282
2,hsa-miR-196a-5p,162282
2,hsa-miR-21-5p,162282
2,hsa-miR-30a-5p,162282
2,hsa-miR-193a-3p,216239
2,hsa-miR-222-5p,216239
2,hsa-miR-548b-5p,216239
2,hsa-miR-15a-3p,216326
2,hsa-miR-193a-3p,216326
2,hsa-miR-210-3p,216326
2,hsa-miR-27b-5p,216326
2,hsa-miR-300,216326
2,hsa-miR-378a-5p,216326
2,hsa-miR-449a,216326
2,hsa-miR-589-3p,216326
2,hsa-miR-874-3p,216326
2,hsa-let-7b-5p,229455
2,hsa-let-7c-5p,229455
2,hsa-miR-19b-3p,229455
2,hsa-miR-221-3p,229455
2,hsa-miR-222-3p,229455
2,hsa-miR-7-5p,275182
2,hsa-let-7a-5p,444732
2,hsa-let-7c-5p,444732
2,hsa-miR-106b-5p,444732
2,hsa-miR-126-3p,444732
2,hsa-miR-181b-5p,444732
2,hsa-miR-181d-5p,444732
2,hsa-miR-21-5p,444732
2,hsa-miR-221-3p,444732
2,hsa-miR-25-3p,444732
2,hsa-miR-373-3p,444732
2,hsa-miR-375-3p,444732
2,hsa-miR-500a-5p,444732
2,hsa-miR-512-3p,444732
2,hsa-miR-607,444732
2,hsa-miR-613,444732
2,hsa-miR-622,444732
2,hsa-miR-632,444732
2,hsa-miR-636,444732
2,hsa-miR-645,444732
2,hsa-miR-651-5p,444732
2,hsa-miR-657,444732
2,hsa-miR-93-5p,444732
2,hsa-miR-10a-5p,444795
2,hsa-miR-181a-5p,444795
2,hsa-miR-181b-5p,444795
2,hsa-miR-612,444795
2,hsa-miR-122-5p,445434
2,hsa-let-7d-5p,446220
2,hsa-miR-124-3p,446220
2,hsa-miR-124-3p,446220
2,hsa-miR-125b-5p,446220
2,hsa-miR-155-5p,446220
2,hsa-miR-20a-5p,446220
2,hsa-miR-106a-5p,448537
2,hsa-miR-106b-5p,448537
2,hsa-miR-130b-3p,448537
2,hsa-miR-135a-5p,448537
2,hsa-miR-138-5p,448537
2,hsa-miR-146b-5p,448537
2,hsa-miR-15a-5p,448537
2,hsa-miR-15b-5p,448537
2,hsa-miR-16-5p,448537
2,hsa-miR-16-5p,448537
2,hsa-miR-17-5p,448537
2,hsa-miR-195-5p,448537
2,hsa-miR-196a-5p,448537
2,hsa-miR-20a-5p,448537
2,hsa-miR-20b-5p,448537
2,hsa-miR-181a-3p,448537
2,hsa-miR-23a-3p,448537
2,hsa-miR-25-3p,448537
2,hsa-miR-26a-5p,448537
2,hsa-miR-320a-3p,448537
2,hsa-miR-33a-5p,448537
2,hsa-miR-335-5p,448537
2,hsa-miR-337-3p,448537
2,hsa-miR-34a-5p,448537
2,hsa-miR-361-5p,448537
2,hsa-miR-371a-3p,448537
2,hsa-miR-454-3p,448537
2,hsa-miR-551a,448537
2,hsa-miR-553,448537
2,hsa-miR-581,448537
2,hsa-miR-595,448537
2,hsa-miR-611,448537
2,hsa-miR-625-5p,448537
2,hsa-miR-641,448537
2,hsa-miR-644a,448537
2,hsa-miR-657,448537
2,hsa-miR-9-3p,448537
2,hsa-miR-92a-1-5p,448537
2,hsa-miR-92a-2-5p,448537
2,hsa-miR-92b-3p,448537
2,hsa-miR-93-5p,448537
2,hsa-miR-9-5p,448537
2,hsa-miR-125b-5p,451668
2,hsa-let-7f-5p,451668
2,hsa-let-7g-5p,451668
2,hsa-let-7i-5p,451668
2,hsa-miR-106b-5p,451668
2,hsa-miR-125a-3p,451668
2,hsa-miR-125b-5p,451668
2,hsa-miR-126-3p,451668
2,hsa-miR-130a-3p,451668
2,hsa-miR-155-5p,451668
2,hsa-miR-15a-5p,451668
2,hsa-miR-17-5p,451668
2,hsa-miR-181a-5p,451668
2,hsa-miR-21-5p,451668
2,hsa-miR-210-3p,451668
2,hsa-miR-24-3p,451668
2,hsa-miR-27a-3p,451668
2,hsa-miR-27b-3p,451668
2,hsa-miR-28-5p,451668
2,hsa-miR-378a-3p,451668
2,hsa-miR-651-5p,451668
2,hsa-miR-217-5p,455658
2,hsa-miR-25-3p,638278
2,hsa-miR-183-5p,667639
2,hsa-miR-106b-3p,969516
2,hsa-miR-124-5p,969516
2,hsa-miR-125a-5p,969516
2,hsa-miR-135b-5p,969516
2,hsa-miR-140-5p,969516
2,hsa-miR-146b-5p,969516
2,hsa-miR-148a-3p,969516
2,hsa-miR-15a-5p,969516
2,hsa-miR-15b-5p,969516
2,hsa-miR-16-5p,969516
2,hsa-miR-181a-5p,969516
2,hsa-miR-181a-3p,969516
2,hsa-miR-186-3p,969516
2,hsa-miR-195-5p,969516
2,hsa-miR-196a-5p,969516
2,hsa-miR-199a-3p,969516
2,hsa-miR-19a-3p,969516
2,hsa-miR-204-5p,969516
2,hsa-miR-20a-5p,969516
2,hsa-miR-21-5p,969516
2,hsa-miR-210-3p,969516
2,hsa-miR-216a-5p,969516
2,hsa-miR-216b-5p,969516
2,hsa-miR-217-5p,969516
2,hsa-miR-25-3p,969516
2,hsa-miR-25-5p,969516
2,hsa-miR-26a-5p,969516
2,hsa-miR-34a-5p,969516
2,hsa-miR-34b-5p,969516
2,hsa-miR-34c-5p,969516
2,hsa-miR-374a-5p,969516
2,hsa-miR-510-5p,969516
2,hsa-miR-514a-3p,969516
2,hsa-miR-598-5p,969516
2,hsa-miR-7-5p,969516
2,hsa-miR-92a-3p,969516
2,hsa-miR-92a-1-5p,969516
2,hsa-miR-93-5p,969516
2,hsa-miR-95-5p,969516
2,hsa-miR-98-5p,969516
2,hsa-miR-375-3p,2733526
2,hsa-miR-375-3p,5280448
2,hsa-miR-302c-3p,5280453
2,hsa-miR-520c-3p,5280453
2,hsa-miR-510-5p,5280453
2,hsa-miR-17-5p,5280453
2,hsa-miR-20a-5p,5280453
2,hsa-miR-20b-5p,5280453
2,hsa-miR-106b-5p,5280795
2,hsa-miR-19a-3p,5280795
2,hsa-miR-22-3p,5280795
2,hsa-miR-323a-5p,5280795
2,hsa-miR-424-5p,5280795
2,hsa-miR-532-3p,5280795
2,hsa-miR-548b-3p,5280795
2,hsa-miR-660-5p,5280795
2,hsa-miR-1260b,5280961
2,hsa-miR-151a-3p,5280961
2,hsa-miR-223-3p,5280961
2,hsa-miR-27a-3p,5280961
2,hsa-miR-181a-3p,5283344
2,hsa-miR-199b-5p,5283344
2,hsa-miR-202-3p,5283344
2,hsa-miR-202-3p,5283344
2,hsa-miR-378a-3p,5283344
2,hsa-miR-454-3p,5283344
2,hsa-miR-575,5283344
2,hsa-miR-101-3p,5284373
2,hsa-miR-144-3p,5284373
2,hsa-miR-451a,5284373
2,hsa-miR-103a-3p,5288826
2,hsa-miR-107,5288826
2,hsa-miR-125b-5p,5288826
2,hsa-miR-128-3p,5288826
2,hsa-miR-133b,5288826
2,hsa-miR-1469,5288826
2,hsa-miR-150-5p,5288826
2,hsa-miR-181b-5p,5288826
2,hsa-miR-191-5p,5288826
2,hsa-miR-1915-3p,5288826
2,hsa-miR-21-5p,5288826
2,hsa-miR-26a-5p,5288826
2,hsa-miR-26b-5p,5288826
2,hsa-miR-28-5p,5288826
2,hsa-miR-320a-3p,5288826
2,hsa-miR-320c,5288826
2,hsa-miR-382-5p,5288826
2,hsa-miR-423-5p,5288826
2,hsa-miR-638,5288826
2,hsa-miR-99b-5p,5288826
2,hsa-let-7b-5p,5310940
2,hsa-let-7i-5p,5310940
2,hsa-miR-10a-5p,5310940
2,hsa-miR-128-3p,5310940
2,hsa-miR-151a-5p,5310940
2,hsa-miR-185-5p,5310940
2,hsa-miR-191-5p,5310940
2,hsa-miR-197-3p,5310940
2,hsa-miR-222-3p,5310940
2,hsa-miR-25-3p,5310940
2,hsa-miR-29a-3p,5310940
2,hsa-miR-30d-5p,5310940
2,hsa-miR-320d,5310940
2,hsa-miR-92a-3p,5310940
2,hsa-miR-92b-3p,5310940
2,hsa-miR-93-5p,5310940
2,hsa-miR-10b-5p,5352624
2,hsa-miR-17-5p,5352624
2,hsa-miR-21-5p,5352624
2,hsa-miR-9-5p,5352624
2,hsa-miR-106a-5p,5702198
2,hsa-miR-125b-5p,5702198
2,hsa-miR-150-5p,5702198
2,hsa-miR-185-5p,5702198
2,hsa-miR-199a-5p,5702198
2,hsa-miR-30d-5p,5702198
2,hsa-miR-331-3p,5702198
2,hsa-miR-34a-5p,5702198
2,hsa-miR-34a-5p,5702198
2,hsa-miR-454-3p,5702198
2,hsa-miR-513a-3p,5702198
2,hsa-miR-548d-5p,5702198
2,hsa-let-7a-5p,6445533
2,hsa-let-7c-5p,6445533
2,hsa-let-7d-5p,6445533
2,hsa-let-7e-5p,6445533
2,hsa-let-7f-5p,6445533
2,hsa-miR-106b-5p,6445533
2,hsa-miR-148a-3p,6445533
2,hsa-miR-183-5p,6445533
2,hsa-miR-191-5p,6445533
2,hsa-miR-19a-3p,6445533
2,hsa-miR-19b-3p,6445533
2,hsa-miR-20a-5p,6445533
2,hsa-miR-205-5p,6445533
2,hsa-miR-21-5p,6445533
2,hsa-miR-22-3p,6445533
2,hsa-miR-23b-3p,6445533
2,hsa-miR-26a-5p,6445533
2,hsa-miR-27a-3p,6445533
2,hsa-miR-27a-3p,6445533
2,hsa-miR-27b-3p,6445533
2,hsa-miR-29c-3p,6445533
2,hsa-miR-30c-5p,6445533
2,hsa-miR-98-5p,6445533
2,hsa-miR-19a-3p,9804992
2,hsa-miR-19b-3p,9804992
2,hsa-miR-199a-5p,11953817
2,hsa-miR-21-5p,21633059
2,hsa-miR-372-3p,21633059
2,hsa-miR-21-5p,25113114
2,hsa-miR-21-5p,25113114
2,hsa-miR-21-5p,25113114
2,hsa-miR-21-5p,25113114
2,hsa-miR-147a,46937290
2,hsa-miR-155-5p,46937290
2,hsa-miR-203a-3p,46937290
2,hsa-miR-361-5p,46937290
2,hsa-miR-489-5p,46937290
2,hsa-miR-18a-5p,146160902
2,hsa-miR-210-3p,146160902
2,hsa-miR-125a-3p,146160902
2,hsa-miR-187-5p,146160902
2,hsa-miR-18a-5p,146160902
2,hsa-miR-210-3p,146160902
2,hsa-miR-296-5p,146160902
2,hsa-miR-425-5p,146160902
2,hsa-miR-494-3p,146160902
